{
  "designerVersion" : "1.5.36",
  "id" : "12b6646e-0b65-40a3-9d7a-1e4fc848f2d8",
  "name" : "ADMINBonitaDSN",
  "type" : "page",
  "lastUpdate" : 1501080417797,
  "rows" : [ [ {
    "type" : "container",
    "dimension" : {
      "xs" : 12,
      "sm" : 12,
      "md" : 9,
      "lg" : 9
    },
    "propertyValues" : {
      "cssClasses" : {
        "type" : "constant",
        "value" : ""
      },
      "hidden" : {
        "type" : "constant",
        "value" : false
      },
      "repeatedCollection" : {
        "type" : "variable"
      }
    },
    "reference" : "29e99c8f-918f-44be-95eb-04d41f647d65",
    "id" : "pbContainer",
    "rows" : [ [ {
      "type" : "component",
      "dimension" : {
        "xs" : 12,
        "sm" : 12,
        "md" : 12,
        "lg" : 12
      },
      "propertyValues" : {
        "cssClasses" : {
          "type" : "constant",
          "value" : ""
        },
        "hidden" : {
          "type" : "constant",
          "value" : false
        },
        "headers" : {
          "type" : "constant",
          "value" : [ "CaseId", "Start", "Last update", "Process version", "Status" ]
        },
        "type" : {
          "type" : "constant",
          "value" : "Bonita API"
        },
        "apiUrl" : {
          "type" : "constant",
          "value" : "../API/bpm/case"
        },
        "params" : {
          "type" : "expression",
          "value" : "urlParams"
        },
        "content" : {
          "type" : "constant"
        },
        "columnsKey" : {
          "type" : "constant",
          "value" : [ "id", "start", "last_update_date", "processDefinitionId.name+\" \"+ processDefinitionId.version", "state" ]
        },
        "sortColumns" : {
          "type" : "constant",
          "value" : [ ]
        },
        "selectedRow" : {
          "type" : "variable",
          "value" : "temp.selectedCase"
        },
        "pageSize" : {
          "type" : "constant",
          "value" : 10
        },
        "filter" : {
          "type" : "expression",
          "value" : "search"
        }
      },
      "reference" : "8f4af58f-c746-42e8-88c9-93b552b39e9f",
      "id" : "pbDataTable"
    } ], [ {
      "type" : "component",
      "dimension" : {
        "xs" : 12,
        "sm" : 12,
        "md" : 12,
        "lg" : 12
      },
      "propertyValues" : {
        "cssClasses" : {
          "type" : "constant",
          "value" : ""
        },
        "hidden" : {
          "type" : "constant",
          "value" : false
        },
        "text" : {
          "type" : "interpolation",
          "value" : "Case \n<pre>{{temp.selectedCase|json}}</pre>\n<pre>{{idDsn|json}}</pre>\n<pre></pre>"
        },
        "alignment" : {
          "type" : "constant",
          "value" : "left"
        }
      },
      "reference" : "e4d77a00-a844-432d-82e1-b9faf46e80a4",
      "id" : "pbText"
    } ] ]
  }, {
    "type" : "container",
    "dimension" : {
      "xs" : 12,
      "sm" : 12,
      "md" : 3,
      "lg" : 3
    },
    "propertyValues" : {
      "cssClasses" : {
        "type" : "constant",
        "value" : ""
      },
      "hidden" : {
        "type" : "constant",
        "value" : false
      },
      "repeatedCollection" : {
        "type" : "variable"
      }
    },
    "reference" : "bf200ad5-d848-4e18-ae6d-a188a42f9f05",
    "id" : "pbContainer",
    "rows" : [ [ {
      "type" : "component",
      "dimension" : {
        "xs" : 12,
        "sm" : 12,
        "md" : 12,
        "lg" : 12
      },
      "propertyValues" : {
        "cssClasses" : {
          "type" : "constant",
          "value" : ""
        },
        "hidden" : {
          "type" : "constant",
          "value" : false
        },
        "disabled" : {
          "type" : "constant",
          "value" : false
        },
        "label" : {
          "type" : "interpolation",
          "value" : "Generate Report"
        },
        "alignment" : {
          "type" : "constant",
          "value" : "left"
        },
        "buttonStyle" : {
          "type" : "constant",
          "value" : "primary"
        },
        "action" : {
          "type" : "constant",
          "value" : "POST"
        },
        "url" : {
          "type" : "interpolation",
          "value" : "../API/bpm/case"
        },
        "dataToSend" : {
          "type" : "expression",
          "value" : "exp_process"
        },
        "dataFromSuccess" : {
          "type" : "variable",
          "value" : "temp.reportGenerated"
        },
        "dataFromError" : {
          "type" : "variable"
        },
        "targetUrlOnSuccess" : {
          "type" : "interpolation"
        },
        "collectionToModify" : {
          "type" : "variable"
        },
        "collectionPosition" : {
          "type" : "constant",
          "value" : "Last"
        },
        "valueToAdd" : {
          "type" : "constant"
        },
        "removeItem" : {
          "type" : "variable"
        }
      },
      "reference" : "e8f767d7-0e21-47cc-8687-b7d25c24b2fe",
      "id" : "pbButton"
    } ], [ {
      "type" : "component",
      "dimension" : {
        "xs" : 12,
        "sm" : 12,
        "md" : 12,
        "lg" : 12
      },
      "propertyValues" : {
        "cssClasses" : {
          "type" : "constant",
          "value" : ""
        },
        "hidden" : {
          "type" : "constant",
          "value" : false
        },
        "text" : {
          "type" : "interpolation",
          "value" : "Last Reports generated"
        },
        "level" : {
          "type" : "constant",
          "value" : "Level 4"
        },
        "alignment" : {
          "type" : "constant",
          "value" : "left"
        }
      },
      "reference" : "9a2903cb-4ea1-4b1b-8028-3c833738610a",
      "id" : "pbTitle"
    } ], [ {
      "type" : "container",
      "dimension" : {
        "xs" : 12,
        "sm" : 12,
        "md" : 12,
        "lg" : 12
      },
      "propertyValues" : {
        "cssClasses" : {
          "type" : "constant",
          "value" : ""
        },
        "hidden" : {
          "type" : "constant",
          "value" : false
        },
        "repeatedCollection" : {
          "type" : "variable",
          "value" : "documents"
        }
      },
      "reference" : "e56329f9-244d-4283-bd7c-1d8e5a575999",
      "id" : "pbContainer",
      "rows" : [ [ {
        "type" : "component",
        "dimension" : {
          "xs" : 12,
          "sm" : 12,
          "md" : 12,
          "lg" : 12
        },
        "propertyValues" : {
          "cssClasses" : {
            "type" : "constant",
            "value" : ""
          },
          "hidden" : {
            "type" : "constant",
            "value" : false
          },
          "text" : {
            "type" : "interpolation",
            "value" : "{{$item.fileName}}"
          },
          "type" : {
            "type" : "constant",
            "value" : "URL"
          },
          "targetUrl" : {
            "type" : "expression",
            "value" : "\"/bonita/portal/\"+$item.url"
          },
          "pageToken" : {
            "type" : "constant"
          },
          "processName" : {
            "type" : "constant"
          },
          "processVersion" : {
            "type" : "constant"
          },
          "taskId" : {
            "type" : "constant"
          },
          "caseId" : {
            "type" : "constant"
          },
          "target" : {
            "type" : "constant",
            "value" : "_blank"
          },
          "appToken" : {
            "type" : "constant"
          },
          "urlParams" : {
            "type" : "constant"
          },
          "alignment" : {
            "type" : "constant",
            "value" : "center"
          },
          "buttonStyle" : {
            "type" : "constant",
            "value" : "link"
          }
        },
        "reference" : "1f5cf73e-2eb1-469b-917d-b50a78e9bc3d",
        "id" : "pbLink"
      } ] ]
    } ] ]
  } ] ],
  "assets" : [ {
    "id" : "a7ca2c95-1923-4616-a058-7da9555156e3",
    "name" : "localization.json",
    "type" : "json",
    "order" : 0,
    "external" : false
  }, {
    "id" : "16ae844f-03ff-4a7a-92a2-730249332f14",
    "name" : "style.css",
    "type" : "css",
    "order" : 0,
    "external" : false
  } ],
  "inactiveAssets" : [ ],
  "data" : {
    "urlParams" : {
      "type" : "json",
      "value" : "{\"d\":\"processDefinitionId\"}",
      "exposed" : false
    },
    "search" : {
      "type" : "constant",
      "value" : "YAB_Integration_DSN",
      "exposed" : false
    },
    "temp" : {
      "type" : "json",
      "value" : "{\n    \"CRUD_URL_DEV\":\"gap2dbn01dev\",\n    \"CRUD_URL\":\"10.56.15.125\"\n}",
      "exposed" : false
    },
    "idDsn" : {
      "type" : "url",
      "value" : "../API/bpm/caseVariable/{{temp.selectedCase.id}}/idDsn",
      "exposed" : false
    },
    "EPServiceURL" : {
      "type" : "expression",
      "value" : "\nif($data.idDsn)\nreturn \"http://\"+$data.temp.CRUD_URL+\"/EPServices/rest/EPServices/document/A0698-F2115-S2342/\"+$data.idDsn.value+\"?informations={_id,DeclarationSocialeNominative.Attributs.dateCreationContext,DeclarationSocialeNominative.Attributs.origine,DeclarationSocialeNominative.DSN.Envoi.codeEnvoi,DeclarationSocialeNominative.DSN.Envoi.Declaration.natureDeclaration,DeclarationSocialeNominative.DSN.Envoi.Declaration.typeDeclaration,DeclarationSocialeNominative.DSN.Envoi.Declaration.moisConcerne,DeclarationSocialeNominative.DSN.Envoi.Declaration.Entreprise.SIRENEntreprise,DeclarationSocialeNominative.DSN.Envoi.Declaration.Entreprise.NICEntreprise,DeclarationSocialeNominative.DSN.Envoi.Declaration.Entreprise.raisonSocialeEntreprise,DeclarationSocialeNominative.Attributs.statut,DeclarationSocialeNominative.Attributs.caseId,DeclarationSocialeNominative.Attributs.caseId}\";\n",
      "exposed" : false
    },
    "dsn" : {
      "type" : "url",
      "value" : "{{EPServiceURL}}",
      "exposed" : false
    },
    "documents" : {
      "type" : "url",
      "value" : "../API/bpm/caseDocument?p=0&c=20&f=name=bonitaDSNreport",
      "exposed" : false
    },
    "process" : {
      "type" : "url",
      "value" : "../API/bpm/process?c=1&p=0&f=name=Export_Bonita_DSN_Excel",
      "exposed" : false
    },
    "exp_process" : {
      "type" : "expression",
      "value" : "return {\"processDefinitionId\":$data.process[0].id};",
      "exposed" : false
    }
  }
}