{
  "designerVersion" : "1.5.36",
  "id" : "67dbbff5-f7ac-4acb-b1b0-bab08bb59b84",
  "name" : "ADMINBonitaDSN2",
  "type" : "page",
  "lastUpdate" : 1501249535620,
  "rows" : [ [ {
    "type" : "container",
    "dimension" : {
      "xs" : 12,
      "sm" : 12,
      "md" : 12,
      "lg" : 12
    },
    "propertyValues" : {
      "cssClasses" : {
        "type" : "constant",
        "value" : ""
      },
      "hidden" : {
        "type" : "constant",
        "value" : false
      },
      "repeatedCollection" : {
        "type" : "variable"
      }
    },
    "reference" : "72638153-915d-4a13-8a10-62231e529f53",
    "id" : "pbContainer",
    "rows" : [ [ {
      "type" : "container",
      "dimension" : {
        "xs" : 12,
        "sm" : 12,
        "md" : 9,
        "lg" : 9
      },
      "propertyValues" : {
        "cssClasses" : {
          "type" : "constant",
          "value" : ""
        },
        "hidden" : {
          "type" : "constant",
          "value" : false
        },
        "repeatedCollection" : {
          "type" : "variable"
        }
      },
      "reference" : "c9efe926-3853-49ab-b5e2-564f88e536dd",
      "id" : "pbContainer",
      "rows" : [ [ {
        "type" : "component",
        "dimension" : {
          "xs" : 12,
          "sm" : 12,
          "md" : 12,
          "lg" : 12
        },
        "propertyValues" : {
          "cssClasses" : {
            "type" : "constant",
            "value" : ""
          },
          "hidden" : {
            "type" : "constant",
            "value" : false
          },
          "headers" : {
            "type" : "constant",
            "value" : [ "CaseId", "Start", "Last update", "Process version", "Status" ]
          },
          "type" : {
            "type" : "constant",
            "value" : "Bonita API"
          },
          "apiUrl" : {
            "type" : "constant",
            "value" : "../API/bpm/case"
          },
          "params" : {
            "type" : "expression",
            "value" : "urlParams"
          },
          "content" : {
            "type" : "constant"
          },
          "columnsKey" : {
            "type" : "constant",
            "value" : [ "id", "start", "last_update_date", "processDefinitionId.name+\" \"+ processDefinitionId.version", "state" ]
          },
          "sortColumns" : {
            "type" : "constant",
            "value" : [ ]
          },
          "selectedRow" : {
            "type" : "variable",
            "value" : "temp.selectedCase"
          },
          "pageSize" : {
            "type" : "constant",
            "value" : 10
          },
          "filter" : {
            "type" : "expression",
            "value" : "search"
          }
        },
        "reference" : "c71dec38-7c63-4331-986c-adaadf204e66",
        "id" : "pbDataTable"
      } ] ]
    }, {
      "type" : "container",
      "dimension" : {
        "xs" : 12,
        "sm" : 12,
        "md" : 3,
        "lg" : 3
      },
      "propertyValues" : {
        "cssClasses" : {
          "type" : "constant",
          "value" : ""
        },
        "hidden" : {
          "type" : "constant",
          "value" : false
        },
        "repeatedCollection" : {
          "type" : "variable"
        }
      },
      "reference" : "8521fab7-6544-45ac-b69a-c88c9fd4a660",
      "id" : "pbContainer",
      "rows" : [ [ {
        "type" : "component",
        "dimension" : {
          "xs" : 12,
          "sm" : 12,
          "md" : 12,
          "lg" : 12
        },
        "propertyValues" : {
          "cssClasses" : {
            "type" : "constant",
            "value" : ""
          },
          "hidden" : {
            "type" : "constant",
            "value" : false
          },
          "disabled" : {
            "type" : "constant",
            "value" : false
          },
          "label" : {
            "type" : "interpolation",
            "value" : "Generate Report"
          },
          "alignment" : {
            "type" : "constant",
            "value" : "left"
          },
          "buttonStyle" : {
            "type" : "constant",
            "value" : "primary"
          },
          "action" : {
            "type" : "constant",
            "value" : "POST"
          },
          "url" : {
            "type" : "interpolation",
            "value" : "../API/bpm/case"
          },
          "dataToSend" : {
            "type" : "expression",
            "value" : "exp_process"
          },
          "dataFromSuccess" : {
            "type" : "variable",
            "value" : "temp.reportGenerated"
          },
          "dataFromError" : {
            "type" : "variable"
          },
          "targetUrlOnSuccess" : {
            "type" : "interpolation"
          },
          "collectionToModify" : {
            "type" : "variable"
          },
          "collectionPosition" : {
            "type" : "constant",
            "value" : "Last"
          },
          "valueToAdd" : {
            "type" : "constant"
          },
          "removeItem" : {
            "type" : "variable"
          }
        },
        "reference" : "bfedb1f1-5aaf-437b-a2d0-f64fa9c99ded",
        "id" : "pbButton"
      } ], [ {
        "type" : "component",
        "dimension" : {
          "xs" : 12,
          "sm" : 12,
          "md" : 12,
          "lg" : 12
        },
        "propertyValues" : {
          "cssClasses" : {
            "type" : "constant",
            "value" : ""
          },
          "hidden" : {
            "type" : "constant",
            "value" : false
          },
          "text" : {
            "type" : "interpolation",
            "value" : "Last Reports generated"
          },
          "level" : {
            "type" : "constant",
            "value" : "Level 4"
          },
          "alignment" : {
            "type" : "constant",
            "value" : "left"
          }
        },
        "reference" : "d813aa18-d4a0-4407-84d8-ca282fe46559",
        "id" : "pbTitle"
      } ], [ {
        "type" : "container",
        "dimension" : {
          "xs" : 12,
          "sm" : 12,
          "md" : 12,
          "lg" : 12
        },
        "propertyValues" : {
          "cssClasses" : {
            "type" : "constant",
            "value" : ""
          },
          "hidden" : {
            "type" : "constant",
            "value" : false
          },
          "repeatedCollection" : {
            "type" : "variable",
            "value" : "documents"
          }
        },
        "reference" : "d256e1c0-41ef-4b72-ac2a-f57d5d550400",
        "id" : "pbContainer",
        "rows" : [ [ {
          "type" : "component",
          "dimension" : {
            "xs" : 12,
            "sm" : 12,
            "md" : 12,
            "lg" : 12
          },
          "propertyValues" : {
            "cssClasses" : {
              "type" : "constant",
              "value" : ""
            },
            "hidden" : {
              "type" : "constant",
              "value" : false
            },
            "text" : {
              "type" : "interpolation",
              "value" : "{{$item.fileName}}"
            },
            "type" : {
              "type" : "constant",
              "value" : "URL"
            },
            "targetUrl" : {
              "type" : "expression",
              "value" : "\"/bonita/portal/\"+$item.url"
            },
            "pageToken" : {
              "type" : "constant"
            },
            "processName" : {
              "type" : "constant"
            },
            "processVersion" : {
              "type" : "constant"
            },
            "taskId" : {
              "type" : "constant"
            },
            "caseId" : {
              "type" : "constant"
            },
            "target" : {
              "type" : "constant",
              "value" : "_blank"
            },
            "appToken" : {
              "type" : "constant"
            },
            "urlParams" : {
              "type" : "constant"
            },
            "alignment" : {
              "type" : "constant",
              "value" : "center"
            },
            "buttonStyle" : {
              "type" : "constant",
              "value" : "link"
            }
          },
          "reference" : "da887213-da7e-4670-8873-6e221907e020",
          "id" : "pbLink"
        } ] ]
      } ], [ {
        "type" : "component",
        "dimension" : {
          "xs" : 12,
          "sm" : 12,
          "md" : 12,
          "lg" : 12
        },
        "propertyValues" : {
          "cssClasses" : {
            "type" : "constant",
            "value" : ""
          },
          "hidden" : {
            "type" : "constant",
            "value" : false
          },
          "disabled" : {
            "type" : "constant",
            "value" : false
          },
          "label" : {
            "type" : "interpolation",
            "value" : "Refresh"
          },
          "alignment" : {
            "type" : "constant",
            "value" : "center"
          },
          "buttonStyle" : {
            "type" : "constant",
            "value" : "info"
          },
          "action" : {
            "type" : "constant",
            "value" : "Add to collection"
          },
          "url" : {
            "type" : "interpolation"
          },
          "dataToSend" : {
            "type" : "constant"
          },
          "dataFromSuccess" : {
            "type" : "variable"
          },
          "dataFromError" : {
            "type" : "variable"
          },
          "targetUrlOnSuccess" : {
            "type" : "interpolation"
          },
          "collectionToModify" : {
            "type" : "variable",
            "value" : "temp.refresh"
          },
          "collectionPosition" : {
            "type" : "constant",
            "value" : "Last"
          },
          "valueToAdd" : {
            "type" : "constant",
            "value" : "1"
          },
          "removeItem" : {
            "type" : "variable"
          }
        },
        "reference" : "b332a0dc-bbcb-4989-85eb-6f49760750a9",
        "id" : "pbButton"
      } ] ]
    } ] ]
  } ], [ {
    "type" : "container",
    "dimension" : {
      "xs" : 12,
      "sm" : 12,
      "md" : 12,
      "lg" : 12
    },
    "propertyValues" : {
      "cssClasses" : {
        "type" : "constant",
        "value" : ""
      },
      "hidden" : {
        "type" : "expression",
        "value" : "!dsn"
      },
      "repeatedCollection" : {
        "type" : "variable"
      }
    },
    "reference" : "09d4c16c-5c0a-4892-961c-1630d1af2e08",
    "id" : "pbContainer",
    "rows" : [ [ {
      "type" : "container",
      "dimension" : {
        "xs" : 12,
        "sm" : 12,
        "md" : 6,
        "lg" : 6
      },
      "propertyValues" : {
        "cssClasses" : {
          "type" : "constant",
          "value" : ""
        },
        "hidden" : {
          "type" : "constant",
          "value" : false
        },
        "repeatedCollection" : {
          "type" : "variable"
        }
      },
      "reference" : "491fca61-6494-46ed-9d20-873622263a4a",
      "id" : "pbContainer",
      "rows" : [ [ {
        "type" : "component",
        "dimension" : {
          "xs" : 12,
          "sm" : 12,
          "md" : 12,
          "lg" : 12
        },
        "propertyValues" : {
          "cssClasses" : {
            "type" : "constant",
            "value" : ""
          },
          "hidden" : {
            "type" : "expression",
            "value" : ""
          },
          "text" : {
            "type" : "interpolation",
            "value" : "<h3>DSN - {{dsn._id.$oid}}</h3>\n<pre>{{dsn|json}}</pre>"
          },
          "alignment" : {
            "type" : "constant",
            "value" : "left"
          }
        },
        "reference" : "9d0b683e-5b5d-40a0-8c89-5aa900a920f4",
        "id" : "pbText"
      } ] ]
    }, {
      "type" : "component",
      "dimension" : {
        "xs" : 12,
        "sm" : 12,
        "md" : 6,
        "lg" : 6
      },
      "propertyValues" : {
        "cssClasses" : {
          "type" : "constant",
          "value" : ""
        },
        "hidden" : {
          "type" : "constant",
          "value" : false
        },
        "headers" : {
          "type" : "constant",
          "value" : [ "Id", "Name", "Type", "State", "Last update date" ]
        },
        "type" : {
          "type" : "constant",
          "value" : "Bonita API"
        },
        "apiUrl" : {
          "type" : "constant",
          "value" : "../API/bpm/flowNode"
        },
        "params" : {
          "type" : "expression",
          "value" : "fnUrlParams"
        },
        "content" : {
          "type" : "constant"
        },
        "columnsKey" : {
          "type" : "constant",
          "value" : [ "id", "name", "type", "state", "last_update_date" ]
        },
        "sortColumns" : {
          "type" : "constant"
        },
        "selectedRow" : {
          "type" : "variable"
        },
        "pageSize" : {
          "type" : "constant",
          "value" : 10
        },
        "filter" : {
          "type" : "constant"
        }
      },
      "reference" : "230d7338-f8ba-4c05-98b8-89f8d035d2be",
      "id" : "pbDataTable"
    } ], [ {
      "type" : "component",
      "dimension" : {
        "xs" : 12,
        "sm" : 12,
        "md" : 12,
        "lg" : 12
      },
      "propertyValues" : {
        "cssClasses" : {
          "type" : "constant",
          "value" : ""
        },
        "hidden" : {
          "type" : "constant",
          "value" : false
        },
        "caseId" : {
          "type" : "expression",
          "value" : "temp.selectedCase.id"
        },
        "type" : {
          "type" : "constant",
          "value" : "case"
        },
        "appName" : {
          "type" : "constant",
          "value" : "bonita"
        }
      },
      "reference" : "d2deaec2-eaaf-40b2-8cf0-baf01f2298d3",
      "id" : "customProcessVisualization"
    } ] ]
  } ] ],
  "assets" : [ {
    "id" : "a7ca2c95-1923-4616-a058-7da9555156e3",
    "name" : "localization.json",
    "type" : "json",
    "order" : 0,
    "external" : false
  }, {
    "id" : "16ae844f-03ff-4a7a-92a2-730249332f14",
    "name" : "style.css",
    "type" : "css",
    "order" : 0,
    "external" : false
  } ],
  "inactiveAssets" : [ ],
  "data" : {
    "urlParams" : {
      "type" : "json",
      "value" : "{\"d\":\"processDefinitionId\"}",
      "exposed" : false
    },
    "search" : {
      "type" : "constant",
      "value" : "YAB_Integration_DSN",
      "exposed" : false
    },
    "temp" : {
      "type" : "json",
      "value" : "{\n    \n    \"CRUD_URL\":\"/RESTBulkReplayDataAccesor/rest/getDSNCrud?idDsn=\"\n  \n}",
      "exposed" : false
    },
    "idDsn" : {
      "type" : "url",
      "value" : "../API/bpm/caseVariable/{{temp.selectedCase.id}}/idDsn",
      "exposed" : false
    },
    "EPServiceURL" : {
      "type" : "expression",
      "value" : "\nif($data.idDsn){\n//return \"http://\"+$data.temp.CRUD_URL+\"/EPServices/rest/EPServices/document/A0698-F2115-S2342/\"+$data.idDsn.value+\"?informations={_id,DeclarationSocialeNominative.Attributs.dateCreationContext,DeclarationSocialeNominative.Attributs.origine,DeclarationSocialeNominative.DSN.Envoi.codeEnvoi,DeclarationSocialeNominative.DSN.Envoi.Declaration.natureDeclaration,DeclarationSocialeNominative.DSN.Envoi.Declaration.typeDeclaration,DeclarationSocialeNominative.DSN.Envoi.Declaration.moisConcerne,DeclarationSocialeNominative.DSN.Envoi.Declaration.Entreprise.SIRENEntreprise,DeclarationSocialeNominative.DSN.Envoi.Declaration.Entreprise.NICEntreprise,DeclarationSocialeNominative.DSN.Envoi.Declaration.Entreprise.raisonSocialeEntreprise,DeclarationSocialeNominative.Attributs.statut,DeclarationSocialeNominative.Attributs.caseId,DeclarationSocialeNominative.Attributs.caseId}\";\nreturn $data.temp.CRUD_URL + $data.idDsn.value;\n}",
      "exposed" : false
    },
    "dsn" : {
      "type" : "url",
      "value" : "{{EPServiceURL}}",
      "exposed" : false
    },
    "documents" : {
      "type" : "url",
      "value" : "../API/bpm/caseDocument?p=0&c=20&f=name=bonitaDSNreport&t={{exp_refresh}}",
      "exposed" : false
    },
    "process" : {
      "type" : "url",
      "value" : "../API/bpm/process?c=1&p=0&f=name=Export_Bonita_DSN_Excel",
      "exposed" : false
    },
    "exp_process" : {
      "type" : "expression",
      "value" : "if($data.process && $data.process.length>0)\n    return {\"processDefinitionId\":$data.process[0].id};",
      "exposed" : false
    },
    "exp_refresh" : {
      "type" : "expression",
      "value" : "if(!$data.temp.refresh){\n    $data.temp.refresh = [];\n}else{\n if($data.temp.refresh.length >0){\n     $data.temp.refresh = [];\n    var d = new Date();\n    return d.getTime();\n}   \n}",
      "exposed" : false
    },
    "fnUrlParams" : {
      "type" : "expression",
      "value" : "if($data.temp.selectedCase)\n    return {\"f\":\"caseId=\"+$data.temp.selectedCase.id};",
      "exposed" : false
    }
  }
}