{
  "designerVersion" : "1.5.36",
  "id" : "a2d57bf9-2036-4ea4-a2a9-711fd9079e5b",
  "name" : "ADMINBulkReplay4",
  "type" : "page",
  "lastUpdate" : 1499962049344,
  "rows" : [ [ {
    "type" : "container",
    "dimension" : {
      "xs" : 12,
      "sm" : 12,
      "md" : 6,
      "lg" : 6
    },
    "propertyValues" : {
      "cssClasses" : {
        "type" : "constant",
        "value" : ""
      },
      "hidden" : {
        "type" : "constant",
        "value" : false
      },
      "repeatedCollection" : {
        "type" : "variable"
      }
    },
    "reference" : "ca11d5fd-6f84-4e9a-aa55-6f9f2a5fd421",
    "id" : "pbContainer",
    "rows" : [ [ {
      "type" : "component",
      "dimension" : {
        "xs" : 12,
        "sm" : 12,
        "md" : 12,
        "lg" : 12
      },
      "propertyValues" : {
        "cssClasses" : {
          "type" : "constant",
          "value" : ""
        },
        "hidden" : {
          "type" : "constant",
          "value" : false
        },
        "text" : {
          "type" : "interpolation",
          "value" : "Search"
        },
        "level" : {
          "type" : "constant",
          "value" : "Level 3"
        },
        "alignment" : {
          "type" : "constant",
          "value" : "left"
        }
      },
      "reference" : "d523c8e7-7694-4035-89ba-170200f805bb",
      "id" : "pbTitle"
    } ], [ {
      "type" : "component",
      "dimension" : {
        "xs" : 12,
        "sm" : 12,
        "md" : 12,
        "lg" : 12
      },
      "propertyValues" : {
        "cssClasses" : {
          "type" : "constant",
          "value" : ""
        },
        "hidden" : {
          "type" : "constant",
          "value" : false
        },
        "text" : {
          "type" : "interpolation",
          "value" : "You can either search by date or get all data available on the server (Search All).<br/>\n<b>If you filter by date you will only see the Activities and Connectors. \n</b><br/>In v7 you will be able to see all elements"
        },
        "alignment" : {
          "type" : "constant",
          "value" : "left"
        }
      },
      "reference" : "216b946c-b7d7-4328-aa02-e61b75f44d13",
      "id" : "pbText"
    } ], [ {
      "type" : "container",
      "dimension" : {
        "xs" : 12,
        "sm" : 12,
        "md" : 12,
        "lg" : 12
      },
      "propertyValues" : {
        "cssClasses" : {
          "type" : "constant",
          "value" : ""
        },
        "hidden" : {
          "type" : "constant",
          "value" : false
        },
        "repeatedCollection" : {
          "type" : "variable"
        }
      },
      "reference" : "a906b375-a6d1-4a69-aff8-a6e83245c5b5",
      "id" : "pbContainer",
      "rows" : [ [ {
        "type" : "component",
        "dimension" : {
          "xs" : 12,
          "sm" : 12,
          "md" : 12,
          "lg" : 12
        },
        "propertyValues" : {
          "cssClasses" : {
            "type" : "constant",
            "value" : ""
          },
          "hidden" : {
            "type" : "constant",
            "value" : false
          },
          "disabled" : {
            "type" : "constant",
            "value" : false
          },
          "label" : {
            "type" : "interpolation",
            "value" : "Search All"
          },
          "alignment" : {
            "type" : "constant",
            "value" : "right"
          },
          "buttonStyle" : {
            "type" : "constant",
            "value" : "success"
          },
          "action" : {
            "type" : "constant",
            "value" : "GET"
          },
          "url" : {
            "type" : "interpolation",
            "value" : "/RESTBulkReplayDataAccesor/rest/failedFlowNodes"
          },
          "dataToSend" : {
            "type" : "constant"
          },
          "dataFromSuccess" : {
            "type" : "variable",
            "value" : "failedTasks"
          },
          "dataFromError" : {
            "type" : "variable"
          },
          "targetUrlOnSuccess" : {
            "type" : "interpolation"
          },
          "collectionToModify" : {
            "type" : "variable"
          },
          "collectionPosition" : {
            "type" : "constant",
            "value" : "Last"
          },
          "valueToAdd" : {
            "type" : "constant"
          },
          "removeItem" : {
            "type" : "variable"
          }
        },
        "reference" : "7b2902e7-8e85-452f-9584-19dc9c2831a8",
        "id" : "pbButton"
      } ] ]
    } ], [ {
      "type" : "container",
      "dimension" : {
        "xs" : 12,
        "sm" : 12,
        "md" : 12,
        "lg" : 12
      },
      "propertyValues" : {
        "cssClasses" : {
          "type" : "constant",
          "value" : ""
        },
        "hidden" : {
          "type" : "constant",
          "value" : false
        },
        "repeatedCollection" : {
          "type" : "variable"
        }
      },
      "reference" : "5d88efc8-79a1-4bd9-b9ed-539c94204a75",
      "id" : "pbContainer",
      "rows" : [ [ {
        "type" : "component",
        "dimension" : {
          "xs" : 12,
          "sm" : 12,
          "md" : 12,
          "lg" : 12
        },
        "propertyValues" : {
          "cssClasses" : {
            "type" : "constant",
            "value" : ""
          },
          "hidden" : {
            "type" : "constant",
            "value" : false
          },
          "text" : {
            "type" : "interpolation",
            "value" : "Search by Date"
          },
          "level" : {
            "type" : "constant",
            "value" : "Level 4"
          },
          "alignment" : {
            "type" : "constant",
            "value" : "left"
          }
        },
        "reference" : "67c61290-6bcc-490b-8d2d-73e055cc41f2",
        "id" : "pbTitle"
      } ], [ {
        "type" : "component",
        "dimension" : {
          "xs" : 12,
          "sm" : 12,
          "md" : 12,
          "lg" : 12
        },
        "propertyValues" : {
          "cssClasses" : {
            "type" : "constant",
            "value" : ""
          },
          "hidden" : {
            "type" : "constant",
            "value" : false
          },
          "readOnly" : {
            "type" : "constant",
            "value" : false
          },
          "required" : {
            "type" : "constant",
            "value" : false
          },
          "labelHidden" : {
            "type" : "constant",
            "value" : false
          },
          "inlineInput" : {
            "type" : "constant",
            "value" : true
          },
          "label" : {
            "type" : "interpolation",
            "value" : "Start Date and time"
          },
          "labelPosition" : {
            "type" : "constant",
            "value" : "top"
          },
          "labelWidth" : {
            "type" : "constant",
            "value" : 4
          },
          "withTimeZone" : {
            "type" : "constant",
            "value" : true
          },
          "value" : {
            "type" : "variable",
            "value" : "filters.server.startDate"
          },
          "dateFormat" : {
            "type" : "constant",
            "value" : "dd/MM/yyyy"
          },
          "placeholder" : {
            "type" : "interpolation",
            "value" : "Enter a date (mm/dd/yyyy)"
          },
          "timeFormat" : {
            "type" : "constant",
            "value" : "h:mm:ss a"
          },
          "timePlaceholder" : {
            "type" : "interpolation",
            "value" : "Enter a time (h:mm:ss a)"
          },
          "showToday" : {
            "type" : "constant",
            "value" : true
          },
          "todayLabel" : {
            "type" : "interpolation",
            "value" : "Today"
          },
          "showNow" : {
            "type" : "constant",
            "value" : true
          },
          "nowLabel" : {
            "type" : "interpolation",
            "value" : "Now"
          }
        },
        "reference" : "9040ea48-ef66-440a-9416-5c649eb0d4cc",
        "id" : "pbDateTimePicker"
      } ], [ {
        "type" : "component",
        "dimension" : {
          "xs" : 12,
          "sm" : 12,
          "md" : 12,
          "lg" : 12
        },
        "propertyValues" : {
          "cssClasses" : {
            "type" : "constant",
            "value" : ""
          },
          "hidden" : {
            "type" : "constant",
            "value" : false
          },
          "readOnly" : {
            "type" : "expression",
            "value" : "!filters.server.startDate"
          },
          "required" : {
            "type" : "constant",
            "value" : false
          },
          "labelHidden" : {
            "type" : "constant",
            "value" : false
          },
          "inlineInput" : {
            "type" : "constant",
            "value" : true
          },
          "label" : {
            "type" : "interpolation",
            "value" : "End Date and time"
          },
          "labelPosition" : {
            "type" : "constant",
            "value" : "top"
          },
          "labelWidth" : {
            "type" : "constant",
            "value" : 4
          },
          "withTimeZone" : {
            "type" : "constant",
            "value" : true
          },
          "value" : {
            "type" : "variable",
            "value" : "filters.server.endDate"
          },
          "dateFormat" : {
            "type" : "constant",
            "value" : "dd/MM/yyyy"
          },
          "placeholder" : {
            "type" : "interpolation",
            "value" : "Enter a date (mm/dd/yyyy)"
          },
          "timeFormat" : {
            "type" : "constant",
            "value" : "h:mm:ss a"
          },
          "timePlaceholder" : {
            "type" : "interpolation",
            "value" : "Enter a time (h:mm:ss a)"
          },
          "showToday" : {
            "type" : "constant",
            "value" : true
          },
          "todayLabel" : {
            "type" : "interpolation",
            "value" : "Today"
          },
          "showNow" : {
            "type" : "constant",
            "value" : true
          },
          "nowLabel" : {
            "type" : "interpolation",
            "value" : "Now"
          }
        },
        "reference" : "470cf51d-f613-4bb9-8069-f727801387b3",
        "id" : "pbDateTimePicker"
      } ], [ {
        "type" : "component",
        "dimension" : {
          "xs" : 12,
          "sm" : 12,
          "md" : 12,
          "lg" : 12
        },
        "propertyValues" : {
          "cssClasses" : {
            "type" : "constant",
            "value" : ""
          },
          "hidden" : {
            "type" : "constant",
            "value" : false
          },
          "disabled" : {
            "type" : "expression",
            "value" : "!filters.server.startDateMs"
          },
          "label" : {
            "type" : "interpolation",
            "value" : "Search"
          },
          "alignment" : {
            "type" : "constant",
            "value" : "right"
          },
          "buttonStyle" : {
            "type" : "constant",
            "value" : "primary"
          },
          "action" : {
            "type" : "constant",
            "value" : "GET"
          },
          "url" : {
            "type" : "interpolation",
            "value" : "{{exp_urlRest}}"
          },
          "dataToSend" : {
            "type" : "constant"
          },
          "dataFromSuccess" : {
            "type" : "variable",
            "value" : "failedTasks"
          },
          "dataFromError" : {
            "type" : "variable"
          },
          "targetUrlOnSuccess" : {
            "type" : "interpolation"
          },
          "collectionToModify" : {
            "type" : "variable"
          },
          "collectionPosition" : {
            "type" : "constant",
            "value" : "Last"
          },
          "valueToAdd" : {
            "type" : "constant"
          },
          "removeItem" : {
            "type" : "variable"
          }
        },
        "reference" : "c646d74c-ae7a-42dc-95c6-e364298ecc00",
        "id" : "pbButton"
      } ] ]
    } ] ]
  }, {
    "type" : "container",
    "dimension" : {
      "xs" : 12,
      "sm" : 12,
      "md" : 6,
      "lg" : 6
    },
    "propertyValues" : {
      "cssClasses" : {
        "type" : "constant",
        "value" : ""
      },
      "hidden" : {
        "type" : "expression",
        "value" : "!exp_objectKeys || !exp_objectKeys[0]"
      },
      "repeatedCollection" : {
        "type" : "variable"
      }
    },
    "reference" : "d4a2dc0c-e45a-42fb-8657-8789d5dcddf3",
    "id" : "pbContainer",
    "rows" : [ [ {
      "type" : "component",
      "dimension" : {
        "xs" : 12,
        "sm" : 12,
        "md" : 12,
        "lg" : 12
      },
      "propertyValues" : {
        "cssClasses" : {
          "type" : "constant",
          "value" : ""
        },
        "hidden" : {
          "type" : "constant",
          "value" : false
        },
        "text" : {
          "type" : "interpolation",
          "value" : "Filter"
        },
        "level" : {
          "type" : "constant",
          "value" : "Level 3"
        },
        "alignment" : {
          "type" : "constant",
          "value" : "left"
        }
      },
      "reference" : "d78a017a-6d89-412c-a155-f8a7ef381e2d",
      "id" : "pbTitle"
    } ], [ {
      "type" : "container",
      "dimension" : {
        "xs" : 12,
        "sm" : 12,
        "md" : 12,
        "lg" : 12
      },
      "propertyValues" : {
        "cssClasses" : {
          "type" : "constant",
          "value" : ""
        },
        "hidden" : {
          "type" : "expression",
          "value" : ""
        },
        "repeatedCollection" : {
          "type" : "variable"
        }
      },
      "reference" : "0dc3782e-dae6-44cf-867a-552642ef1ca9",
      "id" : "pbContainer",
      "rows" : [ [ {
        "type" : "component",
        "dimension" : {
          "xs" : 12,
          "sm" : 12,
          "md" : 12,
          "lg" : 12
        },
        "propertyValues" : {
          "cssClasses" : {
            "type" : "constant",
            "value" : ""
          },
          "hidden" : {
            "type" : "constant",
            "value" : false
          },
          "disabled" : {
            "type" : "constant",
            "value" : false
          },
          "required" : {
            "type" : "constant",
            "value" : false
          },
          "labelHidden" : {
            "type" : "constant",
            "value" : false
          },
          "label" : {
            "type" : "interpolation",
            "value" : "By Process"
          },
          "labelPosition" : {
            "type" : "constant",
            "value" : "top"
          },
          "labelWidth" : {
            "type" : "constant",
            "value" : 4
          },
          "placeholder" : {
            "type" : "interpolation",
            "value" : "Select an option"
          },
          "availableValues" : {
            "type" : "expression",
            "value" : "processes"
          },
          "displayedKey" : {
            "type" : "constant"
          },
          "returnedKey" : {
            "type" : "constant"
          },
          "value" : {
            "type" : "variable",
            "value" : "filters.client.fnSet"
          }
        },
        "reference" : "5089e202-b044-4730-abf4-a5a36abddc42",
        "id" : "pbSelect"
      } ], [ {
        "type" : "component",
        "dimension" : {
          "xs" : 12,
          "sm" : 12,
          "md" : 12,
          "lg" : 12
        },
        "propertyValues" : {
          "cssClasses" : {
            "type" : "constant",
            "value" : ""
          },
          "hidden" : {
            "type" : "constant",
            "value" : false
          },
          "disabled" : {
            "type" : "constant",
            "value" : false
          },
          "inline" : {
            "type" : "constant",
            "value" : false
          },
          "labelHidden" : {
            "type" : "constant",
            "value" : false
          },
          "label" : {
            "type" : "interpolation",
            "value" : "By FlowNode Type"
          },
          "labelPosition" : {
            "type" : "constant",
            "value" : "top"
          },
          "labelWidth" : {
            "type" : "constant",
            "value" : 4
          },
          "availableValues" : {
            "type" : "expression",
            "value" : "exp_objectKeys"
          },
          "displayedKey" : {
            "type" : "constant",
            "value" : "type"
          },
          "returnedKey" : {
            "type" : "constant",
            "value" : "type"
          },
          "selectedValues" : {
            "type" : "variable",
            "value" : "filters.section.type"
          }
        },
        "reference" : "9cc7f2a1-95d5-4307-b2e6-ee955de18422",
        "id" : "pbChecklist"
      } ] ]
    } ] ]
  } ], [ {
    "type" : "container",
    "dimension" : {
      "xs" : 12,
      "sm" : 12,
      "md" : 12,
      "lg" : 12
    },
    "propertyValues" : {
      "cssClasses" : {
        "type" : "constant",
        "value" : ""
      },
      "hidden" : {
        "type" : "constant",
        "value" : false
      },
      "repeatedCollection" : {
        "type" : "variable",
        "value" : "exp_objectKeys"
      }
    },
    "reference" : "5aa03376-4b38-4ec7-a5da-7576b210dd81",
    "id" : "pbContainer",
    "rows" : [ [ {
      "type" : "container",
      "dimension" : {
        "xs" : 12,
        "sm" : 12,
        "md" : 12,
        "lg" : 12
      },
      "propertyValues" : {
        "cssClasses" : {
          "type" : "constant",
          "value" : ""
        },
        "hidden" : {
          "type" : "expression",
          "value" : "filters.section.type.indexOf($item.type)<0"
        },
        "repeatedCollection" : {
          "type" : "variable"
        }
      },
      "reference" : "62cf5c9c-8d9e-440f-af63-30dcfdfb8d24",
      "id" : "pbContainer",
      "rows" : [ [ {
        "type" : "component",
        "dimension" : {
          "xs" : 12,
          "sm" : 12,
          "md" : 12,
          "lg" : 12
        },
        "propertyValues" : {
          "cssClasses" : {
            "type" : "constant",
            "value" : ""
          },
          "hidden" : {
            "type" : "constant",
            "value" : false
          },
          "headers" : {
            "type" : "expression",
            "value" : "$item.type!=\"CONNECTOR_ON_ACTIVITY\"?[\"Process\", \"Version\", \"Type\", \"Name\", \"Count\"] : [\"Process\", \"Version\", \"Type\", \"Name\", \"Connector\", \"Count\"]"
          },
          "type" : {
            "type" : "constant",
            "value" : "Variable"
          },
          "apiUrl" : {
            "type" : "constant",
            "value" : "../API/"
          },
          "params" : {
            "type" : "constant"
          },
          "content" : {
            "type" : "expression",
            "value" : "$item.data"
          },
          "columnsKey" : {
            "type" : "expression",
            "value" : "$item.type!=\"CONNECTOR_ON_ACTIVITY\"?[\"process\", \"version\", \"fnType\", \"name\", \"count\"] : [\"process\", \"version\", \"fnType\", \"name\", \"connector\", \"count\"]"
          },
          "sortColumns" : {
            "type" : "constant"
          },
          "selectedRow" : {
            "type" : "variable",
            "value" : "selectedConnector"
          },
          "pageSize" : {
            "type" : "constant",
            "value" : 10
          },
          "filter" : {
            "type" : "expression",
            "value" : "filters.client"
          },
          "actions" : {
            "type" : "variable",
            "value" : "fnActions"
          },
          "isEmpty" : {
            "type" : "variable",
            "value" : ""
          },
          "highlightedRows" : {
            "type" : "expression",
            "value" : "replayed"
          },
          "highlightedRowsProperty" : {
            "type" : "constant",
            "value" : "fnSet"
          },
          "defaultSortColumn" : {
            "type" : "constant",
            "value" : "count"
          },
          "defaultSortOrder" : {
            "type" : "constant",
            "value" : "DESC"
          },
          "title" : {
            "type" : "interpolation",
            "value" : "{{$item.type}}"
          }
        },
        "reference" : "d1bcd0ba-9da9-4e35-a686-0895ba911853",
        "id" : "customDataTableWithSettingsEmptyAndActions"
      } ], [ {
        "type" : "component",
        "dimension" : {
          "xs" : 12,
          "sm" : 12,
          "md" : 12,
          "lg" : 12
        },
        "propertyValues" : {
          "cssClasses" : {
            "type" : "constant",
            "value" : ""
          },
          "hidden" : {
            "type" : "expression",
            "value" : "$item.type!=\"CONNECTOR_ON_ACTIVITY\""
          },
          "text" : {
            "type" : "interpolation",
            "value" : "Click on one row to see the details"
          },
          "alignment" : {
            "type" : "constant",
            "value" : "left"
          }
        },
        "reference" : "958465e1-a618-43ca-b245-5e1b15b3d3e4",
        "id" : "pbText"
      } ] ]
    } ], [ {
      "type" : "container",
      "dimension" : {
        "xs" : 12,
        "sm" : 12,
        "md" : 12,
        "lg" : 12
      },
      "propertyValues" : {
        "cssClasses" : {
          "type" : "constant",
          "value" : ""
        },
        "hidden" : {
          "type" : "expression",
          "value" : "$item.type!=\"CONNECTOR_ON_ACTIVITY\""
        },
        "repeatedCollection" : {
          "type" : "variable"
        }
      },
      "reference" : "29c7dd03-64e5-4012-bf8a-c74881d3ecff",
      "id" : "pbContainer",
      "rows" : [ [ {
        "type" : "container",
        "dimension" : {
          "xs" : 12,
          "sm" : 12,
          "md" : 12,
          "lg" : 12
        },
        "propertyValues" : {
          "cssClasses" : {
            "type" : "constant",
            "value" : ""
          },
          "hidden" : {
            "type" : "expression",
            "value" : "!selectedConnector.name"
          },
          "repeatedCollection" : {
            "type" : "variable"
          }
        },
        "reference" : "66a56a4e-e2e5-4450-983b-363d1d9e3c0c",
        "id" : "pbContainer",
        "rows" : [ [ {
          "type" : "component",
          "dimension" : {
            "xs" : 12,
            "sm" : 12,
            "md" : 12,
            "lg" : 12
          },
          "propertyValues" : {
            "cssClasses" : {
              "type" : "constant",
              "value" : ""
            },
            "hidden" : {
              "type" : "constant",
              "value" : false
            },
            "disabled" : {
              "type" : "constant",
              "value" : false
            },
            "label" : {
              "type" : "interpolation",
              "value" : "Click to get connector <b>{{selectedConnector.connector}}</b> information"
            },
            "alignment" : {
              "type" : "constant",
              "value" : "center"
            },
            "buttonStyle" : {
              "type" : "constant",
              "value" : "info"
            },
            "action" : {
              "type" : "constant",
              "value" : "POST"
            },
            "url" : {
              "type" : "interpolation",
              "value" : "/RESTBulkReplayDataAccesor/rest/connector"
            },
            "dataToSend" : {
              "type" : "expression",
              "value" : "selectedConnector"
            },
            "dataFromSuccess" : {
              "type" : "variable",
              "value" : "connectorDetails"
            },
            "dataFromError" : {
              "type" : "variable"
            },
            "targetUrlOnSuccess" : {
              "type" : "interpolation"
            },
            "collectionToModify" : {
              "type" : "variable"
            },
            "collectionPosition" : {
              "type" : "constant",
              "value" : "Last"
            },
            "valueToAdd" : {
              "type" : "constant"
            },
            "removeItem" : {
              "type" : "variable"
            }
          },
          "reference" : "5c23728d-86f1-4e05-b9eb-afb60951c985",
          "id" : "pbButton"
        } ], [ {
          "type" : "container",
          "dimension" : {
            "xs" : 12,
            "sm" : 12,
            "md" : 12,
            "lg" : 12
          },
          "propertyValues" : {
            "cssClasses" : {
              "type" : "constant",
              "value" : ""
            },
            "hidden" : {
              "type" : "expression",
              "value" : "!connectorDetails[0]"
            },
            "repeatedCollection" : {
              "type" : "variable"
            }
          },
          "reference" : "90b39dcf-9709-4a89-80ed-ccb1d7c0f523",
          "id" : "pbContainer",
          "rows" : [ [ {
            "type" : "component",
            "dimension" : {
              "xs" : 12,
              "sm" : 12,
              "md" : 12,
              "lg" : 12
            },
            "propertyValues" : {
              "cssClasses" : {
                "type" : "constant",
                "value" : ""
              },
              "hidden" : {
                "type" : "constant",
                "value" : false
              },
              "headers" : {
                "type" : "constant",
                "value" : [ "Name", "Type", "Error Msg", "Count" ]
              },
              "type" : {
                "type" : "constant",
                "value" : "Variable"
              },
              "apiUrl" : {
                "type" : "constant",
                "value" : "../API/"
              },
              "params" : {
                "type" : "constant"
              },
              "content" : {
                "type" : "expression",
                "value" : "connectorDetails"
              },
              "columnsKey" : {
                "type" : "constant",
                "value" : [ "name", "connectorId", "exceptionMessage", "count" ]
              },
              "sortColumns" : {
                "type" : "constant"
              },
              "selectedRow" : {
                "type" : "variable"
              },
              "pageSize" : {
                "type" : "constant",
                "value" : 10
              },
              "filter" : {
                "type" : "constant"
              },
              "actions" : {
                "type" : "variable",
                "value" : "cnActions"
              },
              "isEmpty" : {
                "type" : "variable"
              },
              "highlightedRows" : {
                "type" : "constant"
              },
              "highlightedRowsProperty" : {
                "type" : "constant"
              },
              "defaultSortColumn" : {
                "type" : "constant"
              },
              "defaultSortOrder" : {
                "type" : "constant",
                "value" : "ASC"
              },
              "title" : {
                "type" : "interpolation",
                "value" : "{{selectedConnector.connector}}"
              }
            },
            "reference" : "72932f7f-d067-4dad-86b1-72b91b9b0e8a",
            "id" : "customDataTableWithSettingsEmptyAndActions"
          } ] ]
        } ] ]
      } ] ]
    } ] ]
  } ], [ {
    "type" : "container",
    "dimension" : {
      "xs" : 12,
      "sm" : 12,
      "md" : 12,
      "lg" : 12
    },
    "propertyValues" : {
      "cssClasses" : {
        "type" : "constant",
        "value" : "Modal-overlay"
      },
      "hidden" : {
        "type" : "constant",
        "value" : false
      },
      "repeatedCollection" : {
        "type" : "variable",
        "value" : "modals"
      }
    },
    "reference" : "3d214834-0bae-41d0-98e3-256b10c29f48",
    "id" : "pbContainer",
    "rows" : [ [ {
      "type" : "container",
      "dimension" : {
        "xs" : 12,
        "sm" : 12,
        "md" : 12,
        "lg" : 12
      },
      "propertyValues" : {
        "cssClasses" : {
          "type" : "constant",
          "value" : "Modal-content"
        },
        "hidden" : {
          "type" : "constant",
          "value" : false
        },
        "repeatedCollection" : {
          "type" : "variable"
        }
      },
      "reference" : "d3b13e18-831e-4a6d-8183-a7562d767057",
      "id" : "pbContainer",
      "rows" : [ [ {
        "type" : "component",
        "dimension" : {
          "xs" : 12,
          "sm" : 12,
          "md" : 12,
          "lg" : 12
        },
        "propertyValues" : {
          "cssClasses" : {
            "type" : "constant",
            "value" : ""
          },
          "hidden" : {
            "type" : "constant",
            "value" : false
          },
          "text" : {
            "type" : "interpolation",
            "value" : "Replay settings"
          },
          "level" : {
            "type" : "constant",
            "value" : "Level 2"
          },
          "alignment" : {
            "type" : "constant",
            "value" : "left"
          }
        },
        "reference" : "88ce746e-2563-4d08-b05b-a5208205b873",
        "id" : "pbTitle"
      } ], [ {
        "type" : "component",
        "dimension" : {
          "xs" : 12,
          "sm" : 12,
          "md" : 12,
          "lg" : 12
        },
        "propertyValues" : {
          "cssClasses" : {
            "type" : "constant",
            "value" : ""
          },
          "hidden" : {
            "type" : "constant",
            "value" : false
          },
          "text" : {
            "type" : "interpolation",
            "value" : "{{$item.fnKey}}"
          },
          "alignment" : {
            "type" : "constant",
            "value" : "left"
          }
        },
        "reference" : "e31ac6f8-05a4-4af7-83ad-d9220d17688a",
        "id" : "pbText"
      } ], [ {
        "type" : "formContainer",
        "dimension" : {
          "xs" : 12,
          "sm" : 12,
          "md" : 12,
          "lg" : 12
        },
        "propertyValues" : {
          "cssClasses" : {
            "type" : "constant",
            "value" : ""
          },
          "hidden" : {
            "type" : "constant",
            "value" : false
          }
        },
        "reference" : "a688dc91-0cf0-4a81-880c-128b2ef3df43",
        "id" : "pbFormContainer",
        "container" : {
          "type" : "container",
          "dimension" : {
            "xs" : 12
          },
          "propertyValues" : { },
          "reference" : "65e6eeb3-a246-4183-ad57-7604e7f56bce",
          "id" : "pbContainer",
          "rows" : [ [ {
            "type" : "container",
            "dimension" : {
              "xs" : 12,
              "sm" : 12,
              "md" : 12,
              "lg" : 12
            },
            "propertyValues" : {
              "cssClasses" : {
                "type" : "constant",
                "value" : ""
              },
              "hidden" : {
                "type" : "constant",
                "value" : false
              },
              "repeatedCollection" : {
                "type" : "variable"
              }
            },
            "reference" : "261cce6d-cf9b-4591-ae27-04c4eb394f2d",
            "id" : "pbContainer",
            "rows" : [ [ {
              "type" : "component",
              "dimension" : {
                "xs" : 12,
                "sm" : 12,
                "md" : 12,
                "lg" : 12
              },
              "propertyValues" : {
                "cssClasses" : {
                  "type" : "constant",
                  "value" : ""
                },
                "hidden" : {
                  "type" : "constant",
                  "value" : false
                },
                "required" : {
                  "type" : "constant",
                  "value" : true
                },
                "minLength" : {
                  "type" : "constant",
                  "value" : ""
                },
                "maxLength" : {
                  "type" : "constant",
                  "value" : ""
                },
                "readOnly" : {
                  "type" : "constant",
                  "value" : false
                },
                "labelHidden" : {
                  "type" : "constant",
                  "value" : false
                },
                "label" : {
                  "type" : "interpolation",
                  "value" : "Lot size"
                },
                "labelPosition" : {
                  "type" : "constant",
                  "value" : "left"
                },
                "labelWidth" : {
                  "type" : "constant",
                  "value" : 4
                },
                "placeholder" : {
                  "type" : "interpolation"
                },
                "value" : {
                  "type" : "variable",
                  "value" : "$item.batchSize"
                },
                "type" : {
                  "type" : "constant",
                  "value" : "number"
                },
                "min" : {
                  "type" : "constant",
                  "value" : 0
                },
                "max" : {
                  "type" : "expression",
                  "value" : "$item.count"
                },
                "step" : {
                  "type" : "constant",
                  "value" : 1
                }
              },
              "reference" : "8883acca-0cd2-4647-af36-a67be17c6fc5",
              "id" : "pbInput"
            } ], [ {
              "type" : "component",
              "dimension" : {
                "xs" : 12,
                "sm" : 12,
                "md" : 12,
                "lg" : 12
              },
              "propertyValues" : {
                "cssClasses" : {
                  "type" : "constant",
                  "value" : ""
                },
                "hidden" : {
                  "type" : "constant",
                  "value" : false
                },
                "required" : {
                  "type" : "constant",
                  "value" : true
                },
                "minLength" : {
                  "type" : "constant",
                  "value" : ""
                },
                "maxLength" : {
                  "type" : "constant",
                  "value" : ""
                },
                "readOnly" : {
                  "type" : "constant",
                  "value" : false
                },
                "labelHidden" : {
                  "type" : "constant",
                  "value" : false
                },
                "label" : {
                  "type" : "interpolation",
                  "value" : "Interval in seconds"
                },
                "labelPosition" : {
                  "type" : "constant",
                  "value" : "left"
                },
                "labelWidth" : {
                  "type" : "constant",
                  "value" : 4
                },
                "placeholder" : {
                  "type" : "interpolation"
                },
                "value" : {
                  "type" : "variable",
                  "value" : "$item.interval"
                },
                "type" : {
                  "type" : "constant",
                  "value" : "number"
                },
                "min" : {
                  "type" : "constant"
                },
                "max" : {
                  "type" : "constant"
                },
                "step" : {
                  "type" : "constant",
                  "value" : 1
                }
              },
              "reference" : "682b437e-6f13-4ebe-aa98-1fb97eae43b9",
              "id" : "pbInput"
            } ] ]
          } ], [ {
            "type" : "component",
            "dimension" : {
              "xs" : 12,
              "sm" : 12,
              "md" : 6,
              "lg" : 6
            },
            "propertyValues" : {
              "cssClasses" : {
                "type" : "constant",
                "value" : ""
              },
              "hidden" : {
                "type" : "constant",
                "value" : false
              },
              "disabled" : {
                "type" : "constant",
                "value" : false
              },
              "label" : {
                "type" : "interpolation",
                "value" : "Cancel"
              },
              "alignment" : {
                "type" : "constant",
                "value" : "right"
              },
              "buttonStyle" : {
                "type" : "constant",
                "value" : "danger"
              },
              "action" : {
                "type" : "constant",
                "value" : "Remove from collection"
              },
              "url" : {
                "type" : "interpolation"
              },
              "dataToSend" : {
                "type" : "constant"
              },
              "dataFromSuccess" : {
                "type" : "variable"
              },
              "dataFromError" : {
                "type" : "variable"
              },
              "targetUrlOnSuccess" : {
                "type" : "interpolation"
              },
              "collectionToModify" : {
                "type" : "variable",
                "value" : "modals"
              },
              "collectionPosition" : {
                "type" : "constant",
                "value" : "First"
              },
              "valueToAdd" : {
                "type" : "constant"
              },
              "removeItem" : {
                "type" : "variable"
              }
            },
            "reference" : "55ac4679-b507-49ee-9315-b2fd097085bb",
            "id" : "pbButton"
          }, {
            "type" : "component",
            "dimension" : {
              "xs" : 12,
              "sm" : 12,
              "md" : 6,
              "lg" : 6
            },
            "propertyValues" : {
              "cssClasses" : {
                "type" : "constant",
                "value" : ""
              },
              "hidden" : {
                "type" : "constant",
                "value" : false
              },
              "disabled" : {
                "type" : "expression",
                "value" : "$form.$invalid"
              },
              "label" : {
                "type" : "interpolation",
                "value" : "Replay"
              },
              "alignment" : {
                "type" : "constant",
                "value" : "left"
              },
              "buttonStyle" : {
                "type" : "constant",
                "value" : "warning"
              },
              "action" : {
                "type" : "constant",
                "value" : "POST"
              },
              "url" : {
                "type" : "interpolation",
                "value" : "/RESTBulkReplayDataAccesor/rest/replay"
              },
              "dataToSend" : {
                "type" : "expression",
                "value" : "$item"
              },
              "dataFromSuccess" : {
                "type" : "variable",
                "value" : "toReplay"
              },
              "dataFromError" : {
                "type" : "variable"
              },
              "targetUrlOnSuccess" : {
                "type" : "interpolation"
              },
              "collectionToModify" : {
                "type" : "variable",
                "value" : "toReplay"
              },
              "collectionPosition" : {
                "type" : "constant",
                "value" : "First"
              },
              "valueToAdd" : {
                "type" : "expression",
                "value" : "$item.fnSet"
              },
              "removeItem" : {
                "type" : "variable"
              }
            },
            "reference" : "c55faab6-221f-4660-b497-5828f4888165",
            "id" : "pbButton"
          } ] ]
        }
      } ] ]
    } ] ]
  } ], [ {
    "type" : "container",
    "dimension" : {
      "xs" : 12,
      "sm" : 12,
      "md" : 12,
      "lg" : 12
    },
    "propertyValues" : {
      "cssClasses" : {
        "type" : "constant",
        "value" : "Modal-overlay"
      },
      "hidden" : {
        "type" : "constant",
        "value" : false
      },
      "repeatedCollection" : {
        "type" : "variable",
        "value" : "modalConnector"
      }
    },
    "reference" : "6957c235-9150-4389-a1be-988d01699d2e",
    "id" : "pbContainer",
    "rows" : [ [ {
      "type" : "container",
      "dimension" : {
        "xs" : 12,
        "sm" : 12,
        "md" : 12,
        "lg" : 12
      },
      "propertyValues" : {
        "cssClasses" : {
          "type" : "constant",
          "value" : "Modal-content"
        },
        "hidden" : {
          "type" : "constant",
          "value" : false
        },
        "repeatedCollection" : {
          "type" : "variable"
        }
      },
      "reference" : "b169e320-9849-4e2f-bee3-e83a95838197",
      "id" : "pbContainer",
      "rows" : [ [ {
        "type" : "component",
        "dimension" : {
          "xs" : 12,
          "sm" : 12,
          "md" : 12,
          "lg" : 12
        },
        "propertyValues" : {
          "cssClasses" : {
            "type" : "constant",
            "value" : ""
          },
          "hidden" : {
            "type" : "constant",
            "value" : false
          },
          "text" : {
            "type" : "interpolation",
            "value" : "Connector Stacktrace"
          },
          "level" : {
            "type" : "constant",
            "value" : "Level 2"
          },
          "alignment" : {
            "type" : "constant",
            "value" : "left"
          }
        },
        "reference" : "7485e17c-0fa4-47f2-abfe-f8952bf04af9",
        "id" : "pbTitle"
      } ], [ {
        "type" : "component",
        "dimension" : {
          "xs" : 12,
          "sm" : 12,
          "md" : 12,
          "lg" : 12
        },
        "propertyValues" : {
          "cssClasses" : {
            "type" : "constant",
            "value" : ""
          },
          "hidden" : {
            "type" : "constant",
            "value" : false
          },
          "text" : {
            "type" : "interpolation",
            "value" : "<pre class=\"stack\">{{$item.stackTrace}}</pre>"
          },
          "alignment" : {
            "type" : "constant",
            "value" : "left"
          }
        },
        "reference" : "2094a973-a6a6-41c1-b79f-b8d3e52cb534",
        "id" : "pbText"
      } ], [ {
        "type" : "component",
        "dimension" : {
          "xs" : 12,
          "sm" : 12,
          "md" : 12,
          "lg" : 12
        },
        "propertyValues" : {
          "cssClasses" : {
            "type" : "constant",
            "value" : ""
          },
          "hidden" : {
            "type" : "constant",
            "value" : false
          },
          "disabled" : {
            "type" : "constant",
            "value" : false
          },
          "label" : {
            "type" : "interpolation",
            "value" : "Close"
          },
          "alignment" : {
            "type" : "constant",
            "value" : "center"
          },
          "buttonStyle" : {
            "type" : "constant",
            "value" : "info"
          },
          "action" : {
            "type" : "constant",
            "value" : "Remove from collection"
          },
          "url" : {
            "type" : "interpolation"
          },
          "dataToSend" : {
            "type" : "constant"
          },
          "dataFromSuccess" : {
            "type" : "variable"
          },
          "dataFromError" : {
            "type" : "variable"
          },
          "targetUrlOnSuccess" : {
            "type" : "interpolation"
          },
          "collectionToModify" : {
            "type" : "variable",
            "value" : "modalConnector"
          },
          "collectionPosition" : {
            "type" : "constant",
            "value" : "Item"
          },
          "valueToAdd" : {
            "type" : "constant"
          },
          "removeItem" : {
            "type" : "variable",
            "value" : "$item"
          }
        },
        "reference" : "5654b43e-19af-43a6-93a0-2176af99fd55",
        "id" : "pbButton"
      } ] ]
    } ] ]
  } ], [ {
    "type" : "container",
    "dimension" : {
      "xs" : 12,
      "sm" : 12,
      "md" : 12,
      "lg" : 12
    },
    "propertyValues" : {
      "cssClasses" : {
        "type" : "constant",
        "value" : "jumbotron"
      },
      "hidden" : {
        "type" : "expression",
        "value" : "(exp_objectKeys || (exp_objectKeys && exp_objectKeys[0]))"
      },
      "repeatedCollection" : {
        "type" : "variable"
      }
    },
    "reference" : "fb636b56-32fa-4034-ba0f-5307dc3b05cf",
    "id" : "pbContainer",
    "rows" : [ [ {
      "type" : "component",
      "dimension" : {
        "xs" : 12,
        "sm" : 12,
        "md" : 12,
        "lg" : 12
      },
      "propertyValues" : {
        "cssClasses" : {
          "type" : "constant",
          "value" : ""
        },
        "hidden" : {
          "type" : "constant",
          "value" : false
        },
        "text" : {
          "type" : "interpolation",
          "value" : "Do a Search"
        },
        "alignment" : {
          "type" : "constant",
          "value" : "left"
        }
      },
      "reference" : "b287a8d8-380c-4e62-af90-c510e3b17523",
      "id" : "pbText"
    } ] ]
  } ], [ {
    "type" : "container",
    "dimension" : {
      "xs" : 12,
      "sm" : 12,
      "md" : 12,
      "lg" : 12
    },
    "propertyValues" : {
      "cssClasses" : {
        "type" : "constant",
        "value" : ""
      },
      "hidden" : {
        "type" : "expression",
        "value" : "!exp_objectKeys || (exp_objectKeys && exp_objectKeys[0])"
      },
      "repeatedCollection" : {
        "type" : "variable"
      }
    },
    "reference" : "f3a7a38e-6520-4fa4-841d-3ee6b3a99d7b",
    "id" : "pbContainer",
    "rows" : [ [ {
      "type" : "component",
      "dimension" : {
        "xs" : 12,
        "sm" : 12,
        "md" : 12,
        "lg" : 12
      },
      "propertyValues" : {
        "cssClasses" : {
          "type" : "constant",
          "value" : "jumbotron"
        },
        "hidden" : {
          "type" : "constant",
          "value" : false
        },
        "text" : {
          "type" : "interpolation",
          "value" : "There is no result on the search"
        },
        "alignment" : {
          "type" : "constant",
          "value" : "left"
        }
      },
      "reference" : "488ad21c-6f6e-4f12-845b-06f4e721b6a1",
      "id" : "pbText"
    } ] ]
  } ] ],
  "assets" : [ {
    "id" : "5c7da3a3-2043-4556-ab74-6acba92e31ec",
    "name" : "localization.json",
    "type" : "json",
    "order" : 0,
    "external" : false
  }, {
    "id" : "335c4ae0-fa2f-4871-84fb-11796a07e3f0",
    "name" : "style.css",
    "type" : "css",
    "order" : 0,
    "external" : false
  }, {
    "id" : "cd9d4d77-d13a-4094-ac55-4f50b5b32ab6",
    "name" : "modal.css",
    "type" : "css",
    "order" : 1,
    "external" : false
  } ],
  "inactiveAssets" : [ ],
  "data" : {
    "failedTasks" : {
      "type" : "constant",
      "value" : "",
      "exposed" : false
    },
    "exp_objectKeys" : {
      "type" : "expression",
      "value" : "if($data.failedTasks){\n\nvar types = Object.keys($data.failedTasks);\n\nvar output = [];\ntypes.forEach(function(type){\n    var fnKeys = Object.keys($data.failedTasks[type]);\n    var fnList = [];\n    fnKeys.forEach(function(fnKey){    \n        var tokens = fnKey.split(\" -- \");\n        var fnSummary = {\n            \"process\":tokens[0],\n            \"version\":tokens[1],\n            \"fnType\":tokens[2],\n            \"name\":tokens[3],\n            \"fnSet\":(type +\" -- \" + fnKey),\n            \"fnKey\":fnKey\n            \n        };\n        if(tokens.length == 5){\n            fnSummary.connector = tokens[4];\n        }\n        \n        //fnSummary.count = $data.failedTasks[type][fnKey].length;\n        fnSummary.count = $data.failedTasks[type][fnKey].count;\n        fnSummary.ids = $data.failedTasks[type][fnKey].ids;\n        fnList.push(fnSummary);\n    });\n    \n    var t = {\"type\":type, \"data\":fnList};\n    output.push(t);\n});\n\nreturn output;\n\n}\n",
      "exposed" : false
    },
    "fnActions" : {
      "type" : "expression",
      "value" : "return [\r\n    {\r\n    \t\"name\": \"Replay these flowNodes\",\r\n    \t\"glyphicon\": \"repeat\",\r\n    \t\"handler\":function(row){\r\n    \t    $data.modals.push(row);\r\n    \t}\r\n    }\r\n\r\n];",
      "exposed" : false
    },
    "fnSet" : {
      "type" : "constant",
      "value" : "",
      "exposed" : false
    },
    "exp_fnSet" : {
      "type" : "expression",
      "value" : "/*\nif($data.modals && $data.modals.length>0){\n    var fnSet = $data.modals[0];\n    var l = fnSet.split(\" -- \")\n    var t = fnSet.substring(fnSet.indexOf(\" -- \")+4, fnSet.length)\n    return $data.failedTasks[l[0]][t];\n}\n*/",
      "exposed" : false
    },
    "modals" : {
      "type" : "json",
      "value" : "[]",
      "exposed" : false
    },
    "toReplay" : {
      "type" : "json",
      "value" : "[]",
      "exposed" : false
    },
    "replaySettings" : {
      "type" : "json",
      "value" : "{}",
      "exposed" : false
    },
    "replayed" : {
      "type" : "json",
      "value" : "[]",
      "exposed" : false
    },
    "exp_toReplay" : {
      "type" : "expression",
      "value" : "/*\nif($data.toReplay ){\n console.log(\"TO REPLAY\",$data.toReplay)   \n}\n*/\nconsole.log(\"TO REPLAY\",$data.toReplay && $data.toReplay.interval, $data.toReplay) \nif($data.toReplay && $data.toReplay.interval){\n    console.log(\"TO REPLAY INSIDE\",$data.toReplay)   \n    $data.replayed.push($data.toReplay.fnSet);    \n    $data.toReplay=[];\n    $data.modals=[];\n    \n}",
      "exposed" : false
    },
    "filters" : {
      "type" : "json",
      "value" : "{}",
      "exposed" : false
    },
    "exp_filtersDate" : {
      "type" : "expression",
      "value" : "if($data.filters.server && $data.filters.server.endDate){\n        $data.filters.server.endDateMs = new Date($data.filters.server.endDate).getTime()\n}\nif($data.filters.server && $data.filters.server.startDate){\n        $data.filters.server.startDateMs = new Date($data.filters.server.startDate).getTime()\n}\n",
      "exposed" : false
    },
    "processes" : {
      "type" : "url",
      "value" : "/RESTBulkReplayDataAccesor/rest/processes",
      "exposed" : false
    },
    "temp" : {
      "type" : "constant",
      "exposed" : false
    },
    "exp_urlRest" : {
      "type" : "expression",
      "value" : "if($data.filters.server){\n    var url = \"/RESTBulkReplayDataAccesor/rest/failedFlowNodes?\";\n    if($data.filters.server.startDateMs)\n        url = url + \"startDate=\" + $data.filters.server.startDateMs;\n    if($data.filters.server.endDateMs){\n        if($data.filters.server.startDateMs)\n            url = url + \"&\" + \"endDate=\" + $data.filters.server.endDateMs; \n    }\n        \n    return url;\n}else{\n    return \"/RESTBulkReplayDataAccesor/rest/failedFlowNodes\";\n}",
      "exposed" : false
    },
    "noData" : {
      "type" : "json",
      "value" : "{}",
      "exposed" : false
    },
    "selectedConnector" : {
      "type" : "json",
      "value" : "{}",
      "exposed" : false
    },
    "connectorDetails" : {
      "type" : "json",
      "value" : "{}",
      "exposed" : false
    },
    "cnActions" : {
      "type" : "expression",
      "value" : "return [\r\n    {\r\n    \t\"name\": \"See stacktrace\",\r\n    \t\"glyphicon\": \"search\",\r\n    \t\"handler\":function(row){\r\n    \t    $data.modalConnector.push(row);\r\n    \t}\r\n    }\r\n\r\n];",
      "exposed" : false
    },
    "modalConnector" : {
      "type" : "json",
      "value" : "[]",
      "exposed" : false
    }
  }
}