{
  "designerVersion" : "1.2.9",
  "id" : "customProcessVisualization",
  "name" : "processVisualization",
  "lastUpdate" : 1501229240822,
  "template" : "<iframe width=\"100%\" style=\"border: 0\" scrolling=\"no\" ng-src=\"{{ctrl.src}}\"></iframe>",
  "controller" : "function processVisuController ($scope, $element, $interval, $http) {\n    var iframe = $element.find('iframe')[0];\n    var ctrl = this;\n    $http.get('/'+$scope.properties.appName+'/API/bpm/case/'+$scope.properties.caseId).\n    success(function(data){\n        ctrl.src = \"/bonita/portal.js/#/admin/monitoring/\"+data.processDefinitionId+\"-\"+\n        ($scope.properties.type===\"case\"?$scope.properties.caseId:\"\")+\"?diagramOnly=1\";\n    })\n    \n    var polling = $interval(function() {\n        iframe.style.height = (iframe.contentWindow.document.body.scrollHeight || 400) + \"px\";\n    }, 100);\n    \n    $scope.$on('$destroy', function() {\n        $interval.cancel(polling);\n    });\n}",
  "description" : "IFrame to display the pages targeted by the LivingApplicationMenu.",
  "custom" : true,
  "properties" : [ {
    "label" : "Case Id",
    "name" : "caseId",
    "type" : "text",
    "bond" : "expression"
  }, {
    "label" : "Type of diagram",
    "name" : "type",
    "type" : "choice",
    "defaultValue" : "process",
    "choiceValues" : [ "process", "case" ],
    "bond" : "expression"
  }, {
    "label" : "App Name",
    "name" : "appName",
    "type" : "text",
    "defaultValue" : "bonita",
    "bond" : "expression"
  } ],
  "assets" : [ ],
  "requiredModules" : [ ],
  "type" : "widget",
  "hasHelp" : false
}