{
  "designerVersion" : "1.5.36",
  "id" : "3c384c23-35ee-41d4-bd94-fb8ed228b520",
  "name" : "ADMINBulkReplay3",
  "type" : "page",
  "lastUpdate" : 1499775276538,
  "rows" : [ [ {
    "type" : "container",
    "dimension" : {
      "xs" : 12,
      "sm" : 12,
      "md" : 6,
      "lg" : 6
    },
    "propertyValues" : {
      "cssClasses" : {
        "type" : "constant",
        "value" : ""
      },
      "hidden" : {
        "type" : "constant",
        "value" : false
      },
      "repeatedCollection" : {
        "type" : "variable"
      }
    },
    "reference" : "1c583699-140a-4887-8d16-3474ad7951a0",
    "id" : "pbContainer",
    "rows" : [ [ {
      "type" : "component",
      "dimension" : {
        "xs" : 12,
        "sm" : 12,
        "md" : 12,
        "lg" : 12
      },
      "propertyValues" : {
        "cssClasses" : {
          "type" : "constant",
          "value" : ""
        },
        "hidden" : {
          "type" : "constant",
          "value" : false
        },
        "text" : {
          "type" : "interpolation",
          "value" : "Search"
        },
        "level" : {
          "type" : "constant",
          "value" : "Level 3"
        },
        "alignment" : {
          "type" : "constant",
          "value" : "left"
        }
      },
      "reference" : "751e1368-098f-49f1-a5c9-29f859847581",
      "id" : "pbTitle"
    } ], [ {
      "type" : "component",
      "dimension" : {
        "xs" : 12,
        "sm" : 12,
        "md" : 12,
        "lg" : 12
      },
      "propertyValues" : {
        "cssClasses" : {
          "type" : "constant",
          "value" : ""
        },
        "hidden" : {
          "type" : "constant",
          "value" : false
        },
        "text" : {
          "type" : "interpolation",
          "value" : "You can either search by date or get all data available on the server (Search All).<br/>\n<b>If you filter by date you will only see the Activities and Connectors. \n</b><br/>In v7 you will be able to see all elements"
        },
        "alignment" : {
          "type" : "constant",
          "value" : "left"
        }
      },
      "reference" : "b5d75b3e-ba6c-4244-ac37-bc3ba3b75339",
      "id" : "pbText"
    } ], [ {
      "type" : "container",
      "dimension" : {
        "xs" : 12,
        "sm" : 12,
        "md" : 12,
        "lg" : 12
      },
      "propertyValues" : {
        "cssClasses" : {
          "type" : "constant",
          "value" : ""
        },
        "hidden" : {
          "type" : "constant",
          "value" : false
        },
        "repeatedCollection" : {
          "type" : "variable"
        }
      },
      "reference" : "36048717-fcb3-4d20-be4d-2c67e3242360",
      "id" : "pbContainer",
      "rows" : [ [ {
        "type" : "component",
        "dimension" : {
          "xs" : 12,
          "sm" : 12,
          "md" : 12,
          "lg" : 12
        },
        "propertyValues" : {
          "cssClasses" : {
            "type" : "constant",
            "value" : ""
          },
          "hidden" : {
            "type" : "constant",
            "value" : false
          },
          "disabled" : {
            "type" : "constant",
            "value" : false
          },
          "label" : {
            "type" : "interpolation",
            "value" : "Search All"
          },
          "alignment" : {
            "type" : "constant",
            "value" : "right"
          },
          "buttonStyle" : {
            "type" : "constant",
            "value" : "success"
          },
          "action" : {
            "type" : "constant",
            "value" : "GET"
          },
          "url" : {
            "type" : "interpolation",
            "value" : "/RESTBulkReplayDataAccesor/rest/failedFlowNodes"
          },
          "dataToSend" : {
            "type" : "constant"
          },
          "dataFromSuccess" : {
            "type" : "variable",
            "value" : "failedTasks"
          },
          "dataFromError" : {
            "type" : "variable"
          },
          "targetUrlOnSuccess" : {
            "type" : "interpolation"
          },
          "collectionToModify" : {
            "type" : "variable"
          },
          "collectionPosition" : {
            "type" : "constant",
            "value" : "Last"
          },
          "valueToAdd" : {
            "type" : "constant"
          },
          "removeItem" : {
            "type" : "variable"
          }
        },
        "reference" : "b920ced9-2db1-4847-871f-0df536120d0d",
        "id" : "pbButton"
      } ] ]
    } ], [ {
      "type" : "container",
      "dimension" : {
        "xs" : 12,
        "sm" : 12,
        "md" : 12,
        "lg" : 12
      },
      "propertyValues" : {
        "cssClasses" : {
          "type" : "constant",
          "value" : ""
        },
        "hidden" : {
          "type" : "constant",
          "value" : false
        },
        "repeatedCollection" : {
          "type" : "variable"
        }
      },
      "reference" : "b42da627-f210-4072-9041-dc8c8d81dc36",
      "id" : "pbContainer",
      "rows" : [ [ {
        "type" : "component",
        "dimension" : {
          "xs" : 12,
          "sm" : 12,
          "md" : 12,
          "lg" : 12
        },
        "propertyValues" : {
          "cssClasses" : {
            "type" : "constant",
            "value" : ""
          },
          "hidden" : {
            "type" : "constant",
            "value" : false
          },
          "text" : {
            "type" : "interpolation",
            "value" : "Search by Date"
          },
          "level" : {
            "type" : "constant",
            "value" : "Level 4"
          },
          "alignment" : {
            "type" : "constant",
            "value" : "left"
          }
        },
        "reference" : "7d8373be-5577-4ec2-af91-7003a4857766",
        "id" : "pbTitle"
      } ], [ {
        "type" : "component",
        "dimension" : {
          "xs" : 12,
          "sm" : 12,
          "md" : 12,
          "lg" : 12
        },
        "propertyValues" : {
          "cssClasses" : {
            "type" : "constant",
            "value" : ""
          },
          "hidden" : {
            "type" : "constant",
            "value" : false
          },
          "readOnly" : {
            "type" : "constant",
            "value" : false
          },
          "required" : {
            "type" : "constant",
            "value" : false
          },
          "labelHidden" : {
            "type" : "constant",
            "value" : false
          },
          "inlineInput" : {
            "type" : "constant",
            "value" : true
          },
          "label" : {
            "type" : "interpolation",
            "value" : "Start Date and time"
          },
          "labelPosition" : {
            "type" : "constant",
            "value" : "top"
          },
          "labelWidth" : {
            "type" : "constant",
            "value" : 4
          },
          "withTimeZone" : {
            "type" : "constant",
            "value" : true
          },
          "value" : {
            "type" : "variable",
            "value" : "filters.server.startDate"
          },
          "dateFormat" : {
            "type" : "constant",
            "value" : "dd/MM/yyyy"
          },
          "placeholder" : {
            "type" : "interpolation",
            "value" : "Enter a date (mm/dd/yyyy)"
          },
          "timeFormat" : {
            "type" : "constant",
            "value" : "h:mm:ss a"
          },
          "timePlaceholder" : {
            "type" : "interpolation",
            "value" : "Enter a time (h:mm:ss a)"
          },
          "showToday" : {
            "type" : "constant",
            "value" : true
          },
          "todayLabel" : {
            "type" : "interpolation",
            "value" : "Today"
          },
          "showNow" : {
            "type" : "constant",
            "value" : true
          },
          "nowLabel" : {
            "type" : "interpolation",
            "value" : "Now"
          }
        },
        "reference" : "e63b24c6-1e3d-4b75-9aef-06ef89b649e1",
        "id" : "pbDateTimePicker"
      } ], [ {
        "type" : "component",
        "dimension" : {
          "xs" : 12,
          "sm" : 12,
          "md" : 12,
          "lg" : 12
        },
        "propertyValues" : {
          "cssClasses" : {
            "type" : "constant",
            "value" : ""
          },
          "hidden" : {
            "type" : "constant",
            "value" : false
          },
          "readOnly" : {
            "type" : "expression",
            "value" : "!filters.server.startDate"
          },
          "required" : {
            "type" : "constant",
            "value" : false
          },
          "labelHidden" : {
            "type" : "constant",
            "value" : false
          },
          "inlineInput" : {
            "type" : "constant",
            "value" : true
          },
          "label" : {
            "type" : "interpolation",
            "value" : "End Date and time"
          },
          "labelPosition" : {
            "type" : "constant",
            "value" : "top"
          },
          "labelWidth" : {
            "type" : "constant",
            "value" : 4
          },
          "withTimeZone" : {
            "type" : "constant",
            "value" : true
          },
          "value" : {
            "type" : "variable",
            "value" : "filters.server.endDate"
          },
          "dateFormat" : {
            "type" : "constant",
            "value" : "dd/MM/yyyy"
          },
          "placeholder" : {
            "type" : "interpolation",
            "value" : "Enter a date (mm/dd/yyyy)"
          },
          "timeFormat" : {
            "type" : "constant",
            "value" : "h:mm:ss a"
          },
          "timePlaceholder" : {
            "type" : "interpolation",
            "value" : "Enter a time (h:mm:ss a)"
          },
          "showToday" : {
            "type" : "constant",
            "value" : true
          },
          "todayLabel" : {
            "type" : "interpolation",
            "value" : "Today"
          },
          "showNow" : {
            "type" : "constant",
            "value" : true
          },
          "nowLabel" : {
            "type" : "interpolation",
            "value" : "Now"
          }
        },
        "reference" : "b9e6f831-8557-4f7e-971c-4e8e973d3287",
        "id" : "pbDateTimePicker"
      } ], [ {
        "type" : "component",
        "dimension" : {
          "xs" : 12,
          "sm" : 12,
          "md" : 12,
          "lg" : 12
        },
        "propertyValues" : {
          "cssClasses" : {
            "type" : "constant",
            "value" : ""
          },
          "hidden" : {
            "type" : "constant",
            "value" : false
          },
          "disabled" : {
            "type" : "expression",
            "value" : "!filters.server.startDateMs"
          },
          "label" : {
            "type" : "interpolation",
            "value" : "Search"
          },
          "alignment" : {
            "type" : "constant",
            "value" : "right"
          },
          "buttonStyle" : {
            "type" : "constant",
            "value" : "primary"
          },
          "action" : {
            "type" : "constant",
            "value" : "GET"
          },
          "url" : {
            "type" : "interpolation",
            "value" : "{{exp_urlRest}}"
          },
          "dataToSend" : {
            "type" : "constant"
          },
          "dataFromSuccess" : {
            "type" : "variable",
            "value" : "failedTasks"
          },
          "dataFromError" : {
            "type" : "variable"
          },
          "targetUrlOnSuccess" : {
            "type" : "interpolation"
          },
          "collectionToModify" : {
            "type" : "variable"
          },
          "collectionPosition" : {
            "type" : "constant",
            "value" : "Last"
          },
          "valueToAdd" : {
            "type" : "constant"
          },
          "removeItem" : {
            "type" : "variable"
          }
        },
        "reference" : "260cb218-e8dc-4f0e-8081-760a0de696b0",
        "id" : "pbButton"
      } ] ]
    } ] ]
  }, {
    "type" : "container",
    "dimension" : {
      "xs" : 12,
      "sm" : 12,
      "md" : 6,
      "lg" : 6
    },
    "propertyValues" : {
      "cssClasses" : {
        "type" : "constant",
        "value" : ""
      },
      "hidden" : {
        "type" : "expression",
        "value" : "!exp_objectKeys || !exp_objectKeys[0]"
      },
      "repeatedCollection" : {
        "type" : "variable"
      }
    },
    "reference" : "58bd9ad4-0cf7-4703-ac3e-9e481990ae3a",
    "id" : "pbContainer",
    "rows" : [ [ {
      "type" : "component",
      "dimension" : {
        "xs" : 12,
        "sm" : 12,
        "md" : 12,
        "lg" : 12
      },
      "propertyValues" : {
        "cssClasses" : {
          "type" : "constant",
          "value" : ""
        },
        "hidden" : {
          "type" : "constant",
          "value" : false
        },
        "text" : {
          "type" : "interpolation",
          "value" : "Filter"
        },
        "level" : {
          "type" : "constant",
          "value" : "Level 3"
        },
        "alignment" : {
          "type" : "constant",
          "value" : "left"
        }
      },
      "reference" : "d9b97dd0-4b0b-4322-b4c2-529a68c9895d",
      "id" : "pbTitle"
    } ], [ {
      "type" : "container",
      "dimension" : {
        "xs" : 12,
        "sm" : 12,
        "md" : 12,
        "lg" : 12
      },
      "propertyValues" : {
        "cssClasses" : {
          "type" : "constant",
          "value" : ""
        },
        "hidden" : {
          "type" : "expression",
          "value" : ""
        },
        "repeatedCollection" : {
          "type" : "variable"
        }
      },
      "reference" : "970345d4-f949-4746-9ed3-aea4d8e6a29c",
      "id" : "pbContainer",
      "rows" : [ [ {
        "type" : "component",
        "dimension" : {
          "xs" : 12,
          "sm" : 12,
          "md" : 12,
          "lg" : 12
        },
        "propertyValues" : {
          "cssClasses" : {
            "type" : "constant",
            "value" : ""
          },
          "hidden" : {
            "type" : "constant",
            "value" : false
          },
          "disabled" : {
            "type" : "constant",
            "value" : false
          },
          "required" : {
            "type" : "constant",
            "value" : false
          },
          "labelHidden" : {
            "type" : "constant",
            "value" : false
          },
          "label" : {
            "type" : "interpolation",
            "value" : "By Process"
          },
          "labelPosition" : {
            "type" : "constant",
            "value" : "top"
          },
          "labelWidth" : {
            "type" : "constant",
            "value" : 4
          },
          "placeholder" : {
            "type" : "interpolation",
            "value" : "Select an option"
          },
          "availableValues" : {
            "type" : "expression",
            "value" : "processes"
          },
          "displayedKey" : {
            "type" : "constant"
          },
          "returnedKey" : {
            "type" : "constant"
          },
          "value" : {
            "type" : "variable",
            "value" : "filters.client.fnSet"
          }
        },
        "reference" : "423a1d79-a034-45f1-a8b1-07bd5fc680fd",
        "id" : "pbSelect"
      } ], [ {
        "type" : "component",
        "dimension" : {
          "xs" : 12,
          "sm" : 12,
          "md" : 12,
          "lg" : 12
        },
        "propertyValues" : {
          "cssClasses" : {
            "type" : "constant",
            "value" : ""
          },
          "hidden" : {
            "type" : "constant",
            "value" : false
          },
          "disabled" : {
            "type" : "constant",
            "value" : false
          },
          "inline" : {
            "type" : "constant",
            "value" : false
          },
          "labelHidden" : {
            "type" : "constant",
            "value" : false
          },
          "label" : {
            "type" : "interpolation",
            "value" : "By FlowNode Type"
          },
          "labelPosition" : {
            "type" : "constant",
            "value" : "top"
          },
          "labelWidth" : {
            "type" : "constant",
            "value" : 4
          },
          "availableValues" : {
            "type" : "expression",
            "value" : "exp_objectKeys"
          },
          "displayedKey" : {
            "type" : "constant",
            "value" : "type"
          },
          "returnedKey" : {
            "type" : "constant",
            "value" : "type"
          },
          "selectedValues" : {
            "type" : "variable",
            "value" : "filters.section.type"
          }
        },
        "reference" : "d7d6ceb5-c954-46b4-ab4c-c1e0305bb2a8",
        "id" : "pbChecklist"
      } ] ]
    } ] ]
  } ], [ {
    "type" : "container",
    "dimension" : {
      "xs" : 12,
      "sm" : 12,
      "md" : 12,
      "lg" : 12
    },
    "propertyValues" : {
      "cssClasses" : {
        "type" : "constant",
        "value" : ""
      },
      "hidden" : {
        "type" : "constant",
        "value" : false
      },
      "repeatedCollection" : {
        "type" : "variable",
        "value" : "exp_objectKeys"
      }
    },
    "reference" : "a79e1879-8231-441b-9506-fbfcf12b18ce",
    "id" : "pbContainer",
    "rows" : [ [ {
      "type" : "container",
      "dimension" : {
        "xs" : 12,
        "sm" : 12,
        "md" : 12,
        "lg" : 12
      },
      "propertyValues" : {
        "cssClasses" : {
          "type" : "constant",
          "value" : ""
        },
        "hidden" : {
          "type" : "expression",
          "value" : "filters.section.type.indexOf($item.type)<0"
        },
        "repeatedCollection" : {
          "type" : "variable"
        }
      },
      "reference" : "dc172def-89f7-4ad1-a143-5f105dd43a59",
      "id" : "pbContainer",
      "rows" : [ [ {
        "type" : "component",
        "dimension" : {
          "xs" : 12,
          "sm" : 12,
          "md" : 12,
          "lg" : 12
        },
        "propertyValues" : {
          "cssClasses" : {
            "type" : "constant",
            "value" : ""
          },
          "hidden" : {
            "type" : "constant",
            "value" : false
          },
          "headers" : {
            "type" : "expression",
            "value" : "$item.type!=\"CONNECTOR_ON_ACTIVITY\"?[\"Process\", \"Version\", \"Type\", \"Name\", \"Count\"] : [\"Process\", \"Version\", \"Type\", \"Name\", \"Connector\", \"Count\"]"
          },
          "type" : {
            "type" : "constant",
            "value" : "Variable"
          },
          "apiUrl" : {
            "type" : "constant",
            "value" : "../API/"
          },
          "params" : {
            "type" : "constant"
          },
          "content" : {
            "type" : "expression",
            "value" : "$item.data"
          },
          "columnsKey" : {
            "type" : "expression",
            "value" : "$item.type!=\"CONNECTOR_ON_ACTIVITY\"?[\"process\", \"version\", \"fnType\", \"name\", \"count\"] : [\"process\", \"version\", \"fnType\", \"name\", \"connector\", \"count\"]"
          },
          "sortColumns" : {
            "type" : "constant"
          },
          "selectedRow" : {
            "type" : "variable"
          },
          "pageSize" : {
            "type" : "constant",
            "value" : 10
          },
          "filter" : {
            "type" : "expression",
            "value" : "filters.client"
          },
          "actions" : {
            "type" : "variable",
            "value" : "fnActions"
          },
          "isEmpty" : {
            "type" : "variable",
            "value" : ""
          },
          "highlightedRows" : {
            "type" : "expression",
            "value" : "replayed"
          },
          "highlightedRowsProperty" : {
            "type" : "constant",
            "value" : "fnSet"
          },
          "defaultSortColumn" : {
            "type" : "constant",
            "value" : "count"
          },
          "defaultSortOrder" : {
            "type" : "constant",
            "value" : "DESC"
          },
          "title" : {
            "type" : "interpolation",
            "value" : "{{$item.type}}"
          }
        },
        "reference" : "91980ba3-2a73-428a-8cec-5b6e1db4f0be",
        "id" : "customDataTableWithSettingsEmptyAndActions"
      } ] ]
    } ] ]
  } ], [ {
    "type" : "container",
    "dimension" : {
      "xs" : 12,
      "sm" : 12,
      "md" : 12,
      "lg" : 12
    },
    "propertyValues" : {
      "cssClasses" : {
        "type" : "constant",
        "value" : "Modal-overlay"
      },
      "hidden" : {
        "type" : "constant",
        "value" : false
      },
      "repeatedCollection" : {
        "type" : "variable",
        "value" : "modals"
      }
    },
    "reference" : "1d777e7e-49ce-4aa1-8f3a-185f5d3799a8",
    "id" : "pbContainer",
    "rows" : [ [ {
      "type" : "container",
      "dimension" : {
        "xs" : 12,
        "sm" : 12,
        "md" : 12,
        "lg" : 12
      },
      "propertyValues" : {
        "cssClasses" : {
          "type" : "constant",
          "value" : "Modal-content"
        },
        "hidden" : {
          "type" : "constant",
          "value" : false
        },
        "repeatedCollection" : {
          "type" : "variable"
        }
      },
      "reference" : "22406f91-b1f8-47e5-9550-d5882d3d5ee8",
      "id" : "pbContainer",
      "rows" : [ [ {
        "type" : "component",
        "dimension" : {
          "xs" : 12,
          "sm" : 12,
          "md" : 12,
          "lg" : 12
        },
        "propertyValues" : {
          "cssClasses" : {
            "type" : "constant",
            "value" : ""
          },
          "hidden" : {
            "type" : "constant",
            "value" : false
          },
          "text" : {
            "type" : "interpolation",
            "value" : "Replay settings"
          },
          "level" : {
            "type" : "constant",
            "value" : "Level 2"
          },
          "alignment" : {
            "type" : "constant",
            "value" : "left"
          }
        },
        "reference" : "fc780d20-8c88-45f0-b948-45ca99c87eb7",
        "id" : "pbTitle"
      } ], [ {
        "type" : "component",
        "dimension" : {
          "xs" : 12,
          "sm" : 12,
          "md" : 12,
          "lg" : 12
        },
        "propertyValues" : {
          "cssClasses" : {
            "type" : "constant",
            "value" : ""
          },
          "hidden" : {
            "type" : "constant",
            "value" : false
          },
          "text" : {
            "type" : "interpolation",
            "value" : "{{$item.fnKey}}"
          },
          "alignment" : {
            "type" : "constant",
            "value" : "left"
          }
        },
        "reference" : "e9db6989-5cc8-43e5-a518-14156c034608",
        "id" : "pbText"
      } ], [ {
        "type" : "formContainer",
        "dimension" : {
          "xs" : 12,
          "sm" : 12,
          "md" : 12,
          "lg" : 12
        },
        "propertyValues" : {
          "cssClasses" : {
            "type" : "constant",
            "value" : ""
          },
          "hidden" : {
            "type" : "constant",
            "value" : false
          }
        },
        "reference" : "1c1ff19d-aeda-4414-aac0-8bcaa0cf1545",
        "id" : "pbFormContainer",
        "container" : {
          "type" : "container",
          "dimension" : {
            "xs" : 12
          },
          "propertyValues" : { },
          "reference" : "c8521f0b-6054-4132-8963-7a2fe598a496",
          "id" : "pbContainer",
          "rows" : [ [ {
            "type" : "container",
            "dimension" : {
              "xs" : 12,
              "sm" : 12,
              "md" : 12,
              "lg" : 12
            },
            "propertyValues" : {
              "cssClasses" : {
                "type" : "constant",
                "value" : ""
              },
              "hidden" : {
                "type" : "constant",
                "value" : false
              },
              "repeatedCollection" : {
                "type" : "variable"
              }
            },
            "reference" : "fd68c49c-1971-4242-a30d-06559bb2ecbe",
            "id" : "pbContainer",
            "rows" : [ [ {
              "type" : "component",
              "dimension" : {
                "xs" : 12,
                "sm" : 12,
                "md" : 12,
                "lg" : 12
              },
              "propertyValues" : {
                "cssClasses" : {
                  "type" : "constant",
                  "value" : ""
                },
                "hidden" : {
                  "type" : "constant",
                  "value" : false
                },
                "required" : {
                  "type" : "constant",
                  "value" : true
                },
                "minLength" : {
                  "type" : "constant",
                  "value" : ""
                },
                "maxLength" : {
                  "type" : "constant",
                  "value" : ""
                },
                "readOnly" : {
                  "type" : "constant",
                  "value" : false
                },
                "labelHidden" : {
                  "type" : "constant",
                  "value" : false
                },
                "label" : {
                  "type" : "interpolation",
                  "value" : "Lot size"
                },
                "labelPosition" : {
                  "type" : "constant",
                  "value" : "left"
                },
                "labelWidth" : {
                  "type" : "constant",
                  "value" : 4
                },
                "placeholder" : {
                  "type" : "interpolation"
                },
                "value" : {
                  "type" : "variable",
                  "value" : "$item.batchSize"
                },
                "type" : {
                  "type" : "constant",
                  "value" : "number"
                },
                "min" : {
                  "type" : "constant",
                  "value" : 0
                },
                "max" : {
                  "type" : "expression",
                  "value" : "$item.count"
                },
                "step" : {
                  "type" : "constant",
                  "value" : 1
                }
              },
              "reference" : "4cfc1115-13c3-4c19-9880-3078c3acb9dc",
              "id" : "pbInput"
            } ], [ {
              "type" : "component",
              "dimension" : {
                "xs" : 12,
                "sm" : 12,
                "md" : 12,
                "lg" : 12
              },
              "propertyValues" : {
                "cssClasses" : {
                  "type" : "constant",
                  "value" : ""
                },
                "hidden" : {
                  "type" : "constant",
                  "value" : false
                },
                "required" : {
                  "type" : "constant",
                  "value" : true
                },
                "minLength" : {
                  "type" : "constant",
                  "value" : ""
                },
                "maxLength" : {
                  "type" : "constant",
                  "value" : ""
                },
                "readOnly" : {
                  "type" : "constant",
                  "value" : false
                },
                "labelHidden" : {
                  "type" : "constant",
                  "value" : false
                },
                "label" : {
                  "type" : "interpolation",
                  "value" : "Interval (s)"
                },
                "labelPosition" : {
                  "type" : "constant",
                  "value" : "left"
                },
                "labelWidth" : {
                  "type" : "constant",
                  "value" : 4
                },
                "placeholder" : {
                  "type" : "interpolation"
                },
                "value" : {
                  "type" : "variable",
                  "value" : "$item.interval"
                },
                "type" : {
                  "type" : "constant",
                  "value" : "number"
                },
                "min" : {
                  "type" : "constant"
                },
                "max" : {
                  "type" : "constant"
                },
                "step" : {
                  "type" : "constant",
                  "value" : 1
                }
              },
              "reference" : "cbcb89db-4673-4c80-871a-fa0af08aa22a",
              "id" : "pbInput"
            } ] ]
          } ], [ {
            "type" : "component",
            "dimension" : {
              "xs" : 12,
              "sm" : 12,
              "md" : 6,
              "lg" : 6
            },
            "propertyValues" : {
              "cssClasses" : {
                "type" : "constant",
                "value" : ""
              },
              "hidden" : {
                "type" : "constant",
                "value" : false
              },
              "disabled" : {
                "type" : "constant",
                "value" : false
              },
              "label" : {
                "type" : "interpolation",
                "value" : "Cancel"
              },
              "alignment" : {
                "type" : "constant",
                "value" : "right"
              },
              "buttonStyle" : {
                "type" : "constant",
                "value" : "danger"
              },
              "action" : {
                "type" : "constant",
                "value" : "Remove from collection"
              },
              "url" : {
                "type" : "interpolation"
              },
              "dataToSend" : {
                "type" : "constant"
              },
              "dataFromSuccess" : {
                "type" : "variable"
              },
              "dataFromError" : {
                "type" : "variable"
              },
              "targetUrlOnSuccess" : {
                "type" : "interpolation"
              },
              "collectionToModify" : {
                "type" : "variable",
                "value" : "modals"
              },
              "collectionPosition" : {
                "type" : "constant",
                "value" : "First"
              },
              "valueToAdd" : {
                "type" : "constant"
              },
              "removeItem" : {
                "type" : "variable"
              }
            },
            "reference" : "4326d006-e4f7-4b2f-a3f4-4fb029000a88",
            "id" : "pbButton"
          }, {
            "type" : "component",
            "dimension" : {
              "xs" : 12,
              "sm" : 12,
              "md" : 6,
              "lg" : 6
            },
            "propertyValues" : {
              "cssClasses" : {
                "type" : "constant",
                "value" : ""
              },
              "hidden" : {
                "type" : "constant",
                "value" : false
              },
              "disabled" : {
                "type" : "expression",
                "value" : "$form.$invalid"
              },
              "label" : {
                "type" : "interpolation",
                "value" : "Replay"
              },
              "alignment" : {
                "type" : "constant",
                "value" : "left"
              },
              "buttonStyle" : {
                "type" : "constant",
                "value" : "warning"
              },
              "action" : {
                "type" : "constant",
                "value" : "POST"
              },
              "url" : {
                "type" : "interpolation",
                "value" : "/RESTBulkReplayDataAccesor/rest/replay"
              },
              "dataToSend" : {
                "type" : "expression",
                "value" : "$item"
              },
              "dataFromSuccess" : {
                "type" : "variable",
                "value" : "toReplay"
              },
              "dataFromError" : {
                "type" : "variable"
              },
              "targetUrlOnSuccess" : {
                "type" : "interpolation"
              },
              "collectionToModify" : {
                "type" : "variable",
                "value" : "toReplay"
              },
              "collectionPosition" : {
                "type" : "constant",
                "value" : "First"
              },
              "valueToAdd" : {
                "type" : "expression",
                "value" : "$item.fnSet"
              },
              "removeItem" : {
                "type" : "variable"
              }
            },
            "reference" : "6374a912-a659-4c17-8c63-40cd7045713a",
            "id" : "pbButton"
          } ] ]
        }
      } ] ]
    } ] ]
  } ], [ {
    "type" : "container",
    "dimension" : {
      "xs" : 12,
      "sm" : 12,
      "md" : 12,
      "lg" : 12
    },
    "propertyValues" : {
      "cssClasses" : {
        "type" : "constant",
        "value" : "jumbotron"
      },
      "hidden" : {
        "type" : "expression",
        "value" : "(exp_objectKeys || (exp_objectKeys && exp_objectKeys[0]))"
      },
      "repeatedCollection" : {
        "type" : "variable"
      }
    },
    "reference" : "d0e794af-ceca-4513-9e43-8f7370d44e98",
    "id" : "pbContainer",
    "rows" : [ [ {
      "type" : "component",
      "dimension" : {
        "xs" : 12,
        "sm" : 12,
        "md" : 12,
        "lg" : 12
      },
      "propertyValues" : {
        "cssClasses" : {
          "type" : "constant",
          "value" : ""
        },
        "hidden" : {
          "type" : "constant",
          "value" : false
        },
        "text" : {
          "type" : "interpolation",
          "value" : "Do a Search"
        },
        "alignment" : {
          "type" : "constant",
          "value" : "left"
        }
      },
      "reference" : "41aeac61-e62b-44b1-bb22-df58d1183e3c",
      "id" : "pbText"
    } ] ]
  } ], [ {
    "type" : "container",
    "dimension" : {
      "xs" : 12,
      "sm" : 12,
      "md" : 12,
      "lg" : 12
    },
    "propertyValues" : {
      "cssClasses" : {
        "type" : "constant",
        "value" : ""
      },
      "hidden" : {
        "type" : "expression",
        "value" : "!exp_objectKeys || (exp_objectKeys && exp_objectKeys[0])"
      },
      "repeatedCollection" : {
        "type" : "variable"
      }
    },
    "reference" : "c99caab6-a4b3-474e-9f91-0c19852d34a9",
    "id" : "pbContainer",
    "rows" : [ [ {
      "type" : "component",
      "dimension" : {
        "xs" : 12,
        "sm" : 12,
        "md" : 12,
        "lg" : 12
      },
      "propertyValues" : {
        "cssClasses" : {
          "type" : "constant",
          "value" : "jumbotron"
        },
        "hidden" : {
          "type" : "constant",
          "value" : false
        },
        "text" : {
          "type" : "interpolation",
          "value" : "There is no result on the search"
        },
        "alignment" : {
          "type" : "constant",
          "value" : "left"
        }
      },
      "reference" : "a08d4f18-904b-49b2-a956-44cc11a453b7",
      "id" : "pbText"
    } ] ]
  } ] ],
  "assets" : [ {
    "id" : "5c7da3a3-2043-4556-ab74-6acba92e31ec",
    "name" : "localization.json",
    "type" : "json",
    "order" : 0,
    "external" : false
  }, {
    "id" : "335c4ae0-fa2f-4871-84fb-11796a07e3f0",
    "name" : "style.css",
    "type" : "css",
    "order" : 0,
    "external" : false
  }, {
    "id" : "cd9d4d77-d13a-4094-ac55-4f50b5b32ab6",
    "name" : "modal.css",
    "type" : "css",
    "order" : 1,
    "external" : false
  } ],
  "inactiveAssets" : [ ],
  "data" : {
    "failedTasks" : {
      "type" : "constant",
      "value" : "",
      "exposed" : false
    },
    "exp_objectKeys" : {
      "type" : "expression",
      "value" : "if($data.failedTasks){\n\nvar types = Object.keys($data.failedTasks);\n\nvar output = [];\ntypes.forEach(function(type){\n    var fnKeys = Object.keys($data.failedTasks[type]);\n    var fnList = [];\n    fnKeys.forEach(function(fnKey){    \n        var tokens = fnKey.split(\" -- \");\n        var fnSummary = {\n            \"process\":tokens[0],\n            \"version\":tokens[1],\n            \"fnType\":tokens[2],\n            \"name\":tokens[3],\n            \"fnSet\":(type +\" -- \" + fnKey),\n            \"fnKey\":fnKey\n            \n        };\n        if(tokens.length == 5){\n            fnSummary.connector = tokens[4];\n        }\n        \n        //fnSummary.count = $data.failedTasks[type][fnKey].length;\n        fnSummary.count = $data.failedTasks[type][fnKey].count;\n        fnSummary.ids = $data.failedTasks[type][fnKey].ids;\n        fnList.push(fnSummary);\n    });\n    \n    var t = {\"type\":type, \"data\":fnList};\n    output.push(t);\n});\n\nreturn output;\n\n}\n",
      "exposed" : false
    },
    "fnActions" : {
      "type" : "expression",
      "value" : "return [\r\n    {\r\n    \t\"name\": \"Replay these flowNodes\",\r\n    \t\"glyphicon\": \"repeat\",\r\n    \t\"handler\":function(row){\r\n    \t    $data.modals.push(row);\r\n    \t}\r\n    \t/*\r\n    \t\"href\": function(row) {\r\n    \t    return \"?fnSet=\"+row.fnSet;\r\n    \t},\r\n    \t\"target\": function(row) {\r\n    \t    return \"_self\";\r\n    \t}\r\n    \t*/\r\n    }\r\n];",
      "exposed" : false
    },
    "fnSet" : {
      "type" : "constant",
      "value" : "",
      "exposed" : false
    },
    "exp_fnSet" : {
      "type" : "expression",
      "value" : "/*\nif($data.modals && $data.modals.length>0){\n    var fnSet = $data.modals[0];\n    var l = fnSet.split(\" -- \")\n    var t = fnSet.substring(fnSet.indexOf(\" -- \")+4, fnSet.length)\n    return $data.failedTasks[l[0]][t];\n}\n*/",
      "exposed" : false
    },
    "modals" : {
      "type" : "json",
      "value" : "[]",
      "exposed" : false
    },
    "toReplay" : {
      "type" : "json",
      "value" : "[]",
      "exposed" : false
    },
    "replaySettings" : {
      "type" : "json",
      "value" : "{}",
      "exposed" : false
    },
    "replayed" : {
      "type" : "json",
      "value" : "[]",
      "exposed" : false
    },
    "exp_toReplay" : {
      "type" : "expression",
      "value" : "/*\nif($data.toReplay ){\n console.log(\"TO REPLAY\",$data.toReplay)   \n}\n*/\nconsole.log(\"TO REPLAY\",$data.toReplay && $data.toReplay.interval, $data.toReplay) \nif($data.toReplay && $data.toReplay.interval){\n    console.log(\"TO REPLAY INSIDE\",$data.toReplay)   \n    $data.replayed.push($data.toReplay.fnSet);    \n    $data.toReplay=[];\n    $data.modals=[];\n    \n}",
      "exposed" : false
    },
    "filters" : {
      "type" : "json",
      "value" : "{}",
      "exposed" : false
    },
    "exp_filtersDate" : {
      "type" : "expression",
      "value" : "if($data.filters.server && $data.filters.server.endDate){\n        $data.filters.server.endDateMs = new Date($data.filters.server.endDate).getTime()\n}\nif($data.filters.server && $data.filters.server.startDate){\n        $data.filters.server.startDateMs = new Date($data.filters.server.startDate).getTime()\n}\n",
      "exposed" : false
    },
    "processes" : {
      "type" : "url",
      "value" : "/RESTBulkReplayDataAccesor/rest/processes",
      "exposed" : false
    },
    "temp" : {
      "type" : "constant",
      "exposed" : false
    },
    "exp_urlRest" : {
      "type" : "expression",
      "value" : "if($data.filters.server){\n    var url = \"/RESTBulkReplayDataAccesor/rest/failedFlowNodes?\";\n    if($data.filters.server.startDateMs)\n        url = url + \"startDate=\" + $data.filters.server.startDateMs;\n    if($data.filters.server.endDateMs){\n        if($data.filters.server.startDateMs)\n            url = url + \"&\" + \"endDate=\" + $data.filters.server.endDateMs; \n    }\n        \n    return url;\n}else{\n    return \"/RESTBulkReplayDataAccesor/rest/failedFlowNodes\";\n}",
      "exposed" : false
    },
    "noData" : {
      "type" : "json",
      "value" : "{}",
      "exposed" : false
    }
  }
}