{
  "designerVersion" : "1.5.36",
  "id" : "79348704-db17-4da8-9dd9-f3ce999c46da",
  "name" : "ADMINBulkReplay2",
  "type" : "page",
  "lastUpdate" : 1499421860706,
  "rows" : [ [ {
    "type" : "container",
    "dimension" : {
      "xs" : 12,
      "sm" : 12,
      "md" : 6,
      "lg" : 6
    },
    "propertyValues" : {
      "cssClasses" : {
        "type" : "constant",
        "value" : ""
      },
      "hidden" : {
        "type" : "constant",
        "value" : false
      },
      "repeatedCollection" : {
        "type" : "variable"
      }
    },
    "reference" : "9b4dd02b-a3fa-4ceb-ad32-3d932ba558f9",
    "id" : "pbContainer",
    "rows" : [ [ {
      "type" : "component",
      "dimension" : {
        "xs" : 12,
        "sm" : 12,
        "md" : 12,
        "lg" : 12
      },
      "propertyValues" : {
        "cssClasses" : {
          "type" : "constant",
          "value" : ""
        },
        "hidden" : {
          "type" : "constant",
          "value" : false
        },
        "text" : {
          "type" : "interpolation",
          "value" : "Search"
        },
        "level" : {
          "type" : "constant",
          "value" : "Level 3"
        },
        "alignment" : {
          "type" : "constant",
          "value" : "left"
        }
      },
      "reference" : "7e9af7ff-b46c-4a5e-b428-58ba9e44ddf2",
      "id" : "pbTitle"
    } ], [ {
      "type" : "component",
      "dimension" : {
        "xs" : 12,
        "sm" : 12,
        "md" : 12,
        "lg" : 12
      },
      "propertyValues" : {
        "cssClasses" : {
          "type" : "constant",
          "value" : ""
        },
        "hidden" : {
          "type" : "constant",
          "value" : false
        },
        "text" : {
          "type" : "interpolation",
          "value" : "You can either search by date or get all data available on the server (Search All).<br/>\n<b>If you filter by date you will only see the Activities and Connectors. \n</b><br/>In v7 you will be able to see all elements"
        },
        "alignment" : {
          "type" : "constant",
          "value" : "left"
        }
      },
      "reference" : "a4c48676-1164-480f-a040-31c627145232",
      "id" : "pbText"
    } ], [ {
      "type" : "container",
      "dimension" : {
        "xs" : 12,
        "sm" : 12,
        "md" : 12,
        "lg" : 12
      },
      "propertyValues" : {
        "cssClasses" : {
          "type" : "constant",
          "value" : ""
        },
        "hidden" : {
          "type" : "constant",
          "value" : false
        },
        "repeatedCollection" : {
          "type" : "variable"
        }
      },
      "reference" : "5169c609-4a87-4ce2-85bc-c027c450e2c0",
      "id" : "pbContainer",
      "rows" : [ [ {
        "type" : "component",
        "dimension" : {
          "xs" : 12,
          "sm" : 12,
          "md" : 12,
          "lg" : 12
        },
        "propertyValues" : {
          "cssClasses" : {
            "type" : "constant",
            "value" : ""
          },
          "hidden" : {
            "type" : "constant",
            "value" : false
          },
          "disabled" : {
            "type" : "constant",
            "value" : false
          },
          "label" : {
            "type" : "interpolation",
            "value" : "Search All"
          },
          "alignment" : {
            "type" : "constant",
            "value" : "center"
          },
          "buttonStyle" : {
            "type" : "constant",
            "value" : "success"
          },
          "action" : {
            "type" : "constant",
            "value" : "GET"
          },
          "url" : {
            "type" : "interpolation",
            "value" : "/RESTBulkReplayDataAccesor/rest/failedFlowNodes"
          },
          "dataToSend" : {
            "type" : "constant"
          },
          "dataFromSuccess" : {
            "type" : "variable",
            "value" : "failedTasks"
          },
          "dataFromError" : {
            "type" : "variable"
          },
          "targetUrlOnSuccess" : {
            "type" : "interpolation"
          },
          "collectionToModify" : {
            "type" : "variable"
          },
          "collectionPosition" : {
            "type" : "constant",
            "value" : "Last"
          },
          "valueToAdd" : {
            "type" : "constant"
          },
          "removeItem" : {
            "type" : "variable"
          }
        },
        "reference" : "12ba1970-8d3b-471e-8326-3b68bbd6d651",
        "id" : "pbButton"
      } ] ]
    } ], [ {
      "type" : "container",
      "dimension" : {
        "xs" : 12,
        "sm" : 12,
        "md" : 12,
        "lg" : 12
      },
      "propertyValues" : {
        "cssClasses" : {
          "type" : "constant",
          "value" : ""
        },
        "hidden" : {
          "type" : "constant",
          "value" : false
        },
        "repeatedCollection" : {
          "type" : "variable"
        }
      },
      "reference" : "cbb25fc6-15db-42ba-bb94-3af602b1251e",
      "id" : "pbContainer",
      "rows" : [ [ {
        "type" : "component",
        "dimension" : {
          "xs" : 12,
          "sm" : 12,
          "md" : 12,
          "lg" : 12
        },
        "propertyValues" : {
          "cssClasses" : {
            "type" : "constant",
            "value" : ""
          },
          "hidden" : {
            "type" : "constant",
            "value" : false
          },
          "text" : {
            "type" : "interpolation",
            "value" : "Search by Date"
          },
          "level" : {
            "type" : "constant",
            "value" : "Level 4"
          },
          "alignment" : {
            "type" : "constant",
            "value" : "left"
          }
        },
        "reference" : "6246b803-a686-41d2-bb02-7cc09e034472",
        "id" : "pbTitle"
      } ], [ {
        "type" : "component",
        "dimension" : {
          "xs" : 12,
          "sm" : 12,
          "md" : 12,
          "lg" : 12
        },
        "propertyValues" : {
          "cssClasses" : {
            "type" : "constant",
            "value" : ""
          },
          "hidden" : {
            "type" : "constant",
            "value" : false
          },
          "readOnly" : {
            "type" : "constant",
            "value" : false
          },
          "required" : {
            "type" : "constant",
            "value" : false
          },
          "labelHidden" : {
            "type" : "constant",
            "value" : false
          },
          "inlineInput" : {
            "type" : "constant",
            "value" : true
          },
          "label" : {
            "type" : "interpolation",
            "value" : "Start Date and time"
          },
          "labelPosition" : {
            "type" : "constant",
            "value" : "top"
          },
          "labelWidth" : {
            "type" : "constant",
            "value" : 4
          },
          "withTimeZone" : {
            "type" : "constant",
            "value" : true
          },
          "value" : {
            "type" : "variable",
            "value" : "filters.server.startDate"
          },
          "dateFormat" : {
            "type" : "constant",
            "value" : "dd/MM/yyyy"
          },
          "placeholder" : {
            "type" : "interpolation",
            "value" : "Enter a date (mm/dd/yyyy)"
          },
          "timeFormat" : {
            "type" : "constant",
            "value" : "h:mm:ss a"
          },
          "timePlaceholder" : {
            "type" : "interpolation",
            "value" : "Enter a time (h:mm:ss a)"
          },
          "showToday" : {
            "type" : "constant",
            "value" : true
          },
          "todayLabel" : {
            "type" : "interpolation",
            "value" : "Today"
          },
          "showNow" : {
            "type" : "constant",
            "value" : true
          },
          "nowLabel" : {
            "type" : "interpolation",
            "value" : "Now"
          }
        },
        "reference" : "12b7c19c-0b15-4ced-9bbe-deb4ffb11d09",
        "id" : "pbDateTimePicker"
      } ], [ {
        "type" : "component",
        "dimension" : {
          "xs" : 12,
          "sm" : 12,
          "md" : 12,
          "lg" : 12
        },
        "propertyValues" : {
          "cssClasses" : {
            "type" : "constant",
            "value" : ""
          },
          "hidden" : {
            "type" : "constant",
            "value" : false
          },
          "readOnly" : {
            "type" : "expression",
            "value" : "!filters.server.startDate"
          },
          "required" : {
            "type" : "constant",
            "value" : false
          },
          "labelHidden" : {
            "type" : "constant",
            "value" : false
          },
          "inlineInput" : {
            "type" : "constant",
            "value" : true
          },
          "label" : {
            "type" : "interpolation",
            "value" : "End Date and time"
          },
          "labelPosition" : {
            "type" : "constant",
            "value" : "top"
          },
          "labelWidth" : {
            "type" : "constant",
            "value" : 4
          },
          "withTimeZone" : {
            "type" : "constant",
            "value" : true
          },
          "value" : {
            "type" : "variable",
            "value" : "filters.server.endDate"
          },
          "dateFormat" : {
            "type" : "constant",
            "value" : "dd/MM/yyyy"
          },
          "placeholder" : {
            "type" : "interpolation",
            "value" : "Enter a date (mm/dd/yyyy)"
          },
          "timeFormat" : {
            "type" : "constant",
            "value" : "h:mm:ss a"
          },
          "timePlaceholder" : {
            "type" : "interpolation",
            "value" : "Enter a time (h:mm:ss a)"
          },
          "showToday" : {
            "type" : "constant",
            "value" : true
          },
          "todayLabel" : {
            "type" : "interpolation",
            "value" : "Today"
          },
          "showNow" : {
            "type" : "constant",
            "value" : true
          },
          "nowLabel" : {
            "type" : "interpolation",
            "value" : "Now"
          }
        },
        "reference" : "e9ff7bcf-daae-49e7-9a1e-8b96e57c1b41",
        "id" : "pbDateTimePicker"
      } ], [ {
        "type" : "component",
        "dimension" : {
          "xs" : 12,
          "sm" : 12,
          "md" : 12,
          "lg" : 12
        },
        "propertyValues" : {
          "cssClasses" : {
            "type" : "constant",
            "value" : ""
          },
          "hidden" : {
            "type" : "constant",
            "value" : false
          },
          "disabled" : {
            "type" : "expression",
            "value" : "!filters.server.startDateMs"
          },
          "label" : {
            "type" : "interpolation",
            "value" : "Search"
          },
          "alignment" : {
            "type" : "constant",
            "value" : "right"
          },
          "buttonStyle" : {
            "type" : "constant",
            "value" : "primary"
          },
          "action" : {
            "type" : "constant",
            "value" : "GET"
          },
          "url" : {
            "type" : "interpolation",
            "value" : "{{exp_urlRest}}"
          },
          "dataToSend" : {
            "type" : "constant"
          },
          "dataFromSuccess" : {
            "type" : "variable",
            "value" : "failedTasks"
          },
          "dataFromError" : {
            "type" : "variable"
          },
          "targetUrlOnSuccess" : {
            "type" : "interpolation"
          },
          "collectionToModify" : {
            "type" : "variable"
          },
          "collectionPosition" : {
            "type" : "constant",
            "value" : "Last"
          },
          "valueToAdd" : {
            "type" : "constant"
          },
          "removeItem" : {
            "type" : "variable"
          }
        },
        "reference" : "a5b08217-f5af-496f-90ba-7237a613a19e",
        "id" : "pbButton"
      } ] ]
    } ] ]
  }, {
    "type" : "container",
    "dimension" : {
      "xs" : 12,
      "sm" : 12,
      "md" : 6,
      "lg" : 6
    },
    "propertyValues" : {
      "cssClasses" : {
        "type" : "constant",
        "value" : ""
      },
      "hidden" : {
        "type" : "expression",
        "value" : "!exp_objectKeys"
      },
      "repeatedCollection" : {
        "type" : "variable"
      }
    },
    "reference" : "6c93b993-e9f6-4007-adb7-e55b7d31b018",
    "id" : "pbContainer",
    "rows" : [ [ {
      "type" : "component",
      "dimension" : {
        "xs" : 12,
        "sm" : 12,
        "md" : 12,
        "lg" : 12
      },
      "propertyValues" : {
        "cssClasses" : {
          "type" : "constant",
          "value" : ""
        },
        "hidden" : {
          "type" : "constant",
          "value" : false
        },
        "text" : {
          "type" : "interpolation",
          "value" : "Filter"
        },
        "level" : {
          "type" : "constant",
          "value" : "Level 3"
        },
        "alignment" : {
          "type" : "constant",
          "value" : "left"
        }
      },
      "reference" : "ef80d319-6b01-43b6-a8ad-4638da6befbf",
      "id" : "pbTitle"
    } ], [ {
      "type" : "container",
      "dimension" : {
        "xs" : 12,
        "sm" : 12,
        "md" : 12,
        "lg" : 12
      },
      "propertyValues" : {
        "cssClasses" : {
          "type" : "constant",
          "value" : ""
        },
        "hidden" : {
          "type" : "expression",
          "value" : ""
        },
        "repeatedCollection" : {
          "type" : "variable"
        }
      },
      "reference" : "9cb0cb02-665f-4d05-820d-7df53ee2e4da",
      "id" : "pbContainer",
      "rows" : [ [ {
        "type" : "component",
        "dimension" : {
          "xs" : 12,
          "sm" : 12,
          "md" : 12,
          "lg" : 12
        },
        "propertyValues" : {
          "cssClasses" : {
            "type" : "constant",
            "value" : ""
          },
          "hidden" : {
            "type" : "constant",
            "value" : false
          },
          "disabled" : {
            "type" : "constant",
            "value" : false
          },
          "required" : {
            "type" : "constant",
            "value" : false
          },
          "labelHidden" : {
            "type" : "constant",
            "value" : false
          },
          "label" : {
            "type" : "interpolation",
            "value" : "By Process"
          },
          "labelPosition" : {
            "type" : "constant",
            "value" : "top"
          },
          "labelWidth" : {
            "type" : "constant",
            "value" : 4
          },
          "placeholder" : {
            "type" : "interpolation",
            "value" : "Select an option"
          },
          "availableValues" : {
            "type" : "expression",
            "value" : "processes"
          },
          "displayedKey" : {
            "type" : "constant"
          },
          "returnedKey" : {
            "type" : "constant"
          },
          "value" : {
            "type" : "variable",
            "value" : "filters.client.fnSet"
          }
        },
        "reference" : "eb9b76da-2418-4328-b66f-d2e325265443",
        "id" : "pbSelect"
      } ], [ {
        "type" : "component",
        "dimension" : {
          "xs" : 12,
          "sm" : 12,
          "md" : 12,
          "lg" : 12
        },
        "propertyValues" : {
          "cssClasses" : {
            "type" : "constant",
            "value" : ""
          },
          "hidden" : {
            "type" : "constant",
            "value" : false
          },
          "disabled" : {
            "type" : "constant",
            "value" : false
          },
          "inline" : {
            "type" : "constant",
            "value" : false
          },
          "labelHidden" : {
            "type" : "constant",
            "value" : false
          },
          "label" : {
            "type" : "interpolation",
            "value" : "By FlowNode Type"
          },
          "labelPosition" : {
            "type" : "constant",
            "value" : "top"
          },
          "labelWidth" : {
            "type" : "constant",
            "value" : 4
          },
          "availableValues" : {
            "type" : "expression",
            "value" : "exp_objectKeys"
          },
          "displayedKey" : {
            "type" : "constant",
            "value" : "type"
          },
          "returnedKey" : {
            "type" : "constant",
            "value" : "type"
          },
          "selectedValues" : {
            "type" : "variable",
            "value" : "filters.section.type"
          }
        },
        "reference" : "cdf20845-eada-419f-aaf1-d59f80ea27da",
        "id" : "pbChecklist"
      } ] ]
    } ] ]
  } ], [ {
    "type" : "container",
    "dimension" : {
      "xs" : 12,
      "sm" : 12,
      "md" : 12,
      "lg" : 12
    },
    "propertyValues" : {
      "cssClasses" : {
        "type" : "constant",
        "value" : ""
      },
      "hidden" : {
        "type" : "constant",
        "value" : false
      },
      "repeatedCollection" : {
        "type" : "variable",
        "value" : "exp_objectKeys"
      }
    },
    "reference" : "69ed6d54-f134-4786-b00c-108fa8d382c5",
    "id" : "pbContainer",
    "rows" : [ [ {
      "type" : "container",
      "dimension" : {
        "xs" : 12,
        "sm" : 12,
        "md" : 12,
        "lg" : 12
      },
      "propertyValues" : {
        "cssClasses" : {
          "type" : "constant",
          "value" : ""
        },
        "hidden" : {
          "type" : "expression",
          "value" : "filters.section.type.indexOf($item.type)<0"
        },
        "repeatedCollection" : {
          "type" : "variable"
        }
      },
      "reference" : "59c0aece-d875-4912-9324-101568fc145a",
      "id" : "pbContainer",
      "rows" : [ [ {
        "type" : "component",
        "dimension" : {
          "xs" : 12,
          "sm" : 12,
          "md" : 12,
          "lg" : 12
        },
        "propertyValues" : {
          "cssClasses" : {
            "type" : "constant",
            "value" : ""
          },
          "hidden" : {
            "type" : "constant",
            "value" : false
          },
          "headers" : {
            "type" : "expression",
            "value" : "$item.type!=\"CONNECTOR\"?[\"Process\", \"Version\", \"Type\", \"Name\", \"Count\"] : [\"Process\", \"Version\", \"Type\", \"Name\", \"Connector\", \"Count\"]"
          },
          "type" : {
            "type" : "constant",
            "value" : "Variable"
          },
          "apiUrl" : {
            "type" : "constant",
            "value" : "../API/"
          },
          "params" : {
            "type" : "constant"
          },
          "content" : {
            "type" : "expression",
            "value" : "$item.data"
          },
          "columnsKey" : {
            "type" : "expression",
            "value" : "$item.type!=\"CONNECTOR\"?[\"process\", \"version\", \"fnType\", \"name\", \"count\"] : [\"process\", \"version\", \"fnType\", \"name\", \"connector\", \"count\"]"
          },
          "sortColumns" : {
            "type" : "constant"
          },
          "selectedRow" : {
            "type" : "variable"
          },
          "pageSize" : {
            "type" : "constant",
            "value" : 10
          },
          "filter" : {
            "type" : "expression",
            "value" : "filters.client"
          },
          "actions" : {
            "type" : "variable",
            "value" : "fnActions"
          },
          "isEmpty" : {
            "type" : "variable",
            "value" : ""
          },
          "highlightedRows" : {
            "type" : "expression",
            "value" : "replayed"
          },
          "highlightedRowsProperty" : {
            "type" : "constant",
            "value" : "fnSet"
          },
          "defaultSortColumn" : {
            "type" : "constant",
            "value" : "count"
          },
          "defaultSortOrder" : {
            "type" : "constant",
            "value" : "DESC"
          },
          "title" : {
            "type" : "interpolation",
            "value" : "{{$item.type}}"
          }
        },
        "reference" : "25dd797f-0fbd-49e7-855a-d06e255a99ad",
        "id" : "customDataTableWithSettingsEmptyAndActions"
      } ] ]
    } ] ]
  } ], [ {
    "type" : "container",
    "dimension" : {
      "xs" : 12,
      "sm" : 12,
      "md" : 12,
      "lg" : 12
    },
    "propertyValues" : {
      "cssClasses" : {
        "type" : "constant",
        "value" : "Modal-overlay"
      },
      "hidden" : {
        "type" : "constant",
        "value" : false
      },
      "repeatedCollection" : {
        "type" : "variable",
        "value" : "modals"
      }
    },
    "reference" : "c45c746e-1d99-4c58-b1ca-8571388d8a8c",
    "id" : "pbContainer",
    "rows" : [ [ {
      "type" : "container",
      "dimension" : {
        "xs" : 12,
        "sm" : 12,
        "md" : 12,
        "lg" : 12
      },
      "propertyValues" : {
        "cssClasses" : {
          "type" : "constant",
          "value" : "Modal-content"
        },
        "hidden" : {
          "type" : "constant",
          "value" : false
        },
        "repeatedCollection" : {
          "type" : "variable"
        }
      },
      "reference" : "bc8b0dee-363b-4263-9714-0a3725864cdc",
      "id" : "pbContainer",
      "rows" : [ [ {
        "type" : "component",
        "dimension" : {
          "xs" : 12,
          "sm" : 12,
          "md" : 12,
          "lg" : 12
        },
        "propertyValues" : {
          "cssClasses" : {
            "type" : "constant",
            "value" : ""
          },
          "hidden" : {
            "type" : "constant",
            "value" : false
          },
          "text" : {
            "type" : "interpolation",
            "value" : "Replay settings"
          },
          "level" : {
            "type" : "constant",
            "value" : "Level 2"
          },
          "alignment" : {
            "type" : "constant",
            "value" : "left"
          }
        },
        "reference" : "b357e7d5-a39c-4343-aa7e-3de135b7c5b5",
        "id" : "pbTitle"
      } ], [ {
        "type" : "component",
        "dimension" : {
          "xs" : 12,
          "sm" : 12,
          "md" : 12,
          "lg" : 12
        },
        "propertyValues" : {
          "cssClasses" : {
            "type" : "constant",
            "value" : ""
          },
          "hidden" : {
            "type" : "constant",
            "value" : false
          },
          "text" : {
            "type" : "interpolation",
            "value" : "{{$item.fnSet}}"
          },
          "alignment" : {
            "type" : "constant",
            "value" : "left"
          }
        },
        "reference" : "13787697-39e8-4e92-8ca8-b89523b65650",
        "id" : "pbText"
      } ], [ {
        "type" : "formContainer",
        "dimension" : {
          "xs" : 12,
          "sm" : 12,
          "md" : 12,
          "lg" : 12
        },
        "propertyValues" : {
          "cssClasses" : {
            "type" : "constant",
            "value" : ""
          },
          "hidden" : {
            "type" : "constant",
            "value" : false
          }
        },
        "reference" : "06eddf0e-a460-4c18-85d2-2bdb58dd6f3d",
        "id" : "pbFormContainer",
        "container" : {
          "type" : "container",
          "dimension" : {
            "xs" : 12
          },
          "propertyValues" : { },
          "reference" : "b98bc7ed-2523-4f0c-bcd7-9ee77b021122",
          "id" : "pbContainer",
          "rows" : [ [ {
            "type" : "container",
            "dimension" : {
              "xs" : 12,
              "sm" : 12,
              "md" : 12,
              "lg" : 12
            },
            "propertyValues" : {
              "cssClasses" : {
                "type" : "constant",
                "value" : ""
              },
              "hidden" : {
                "type" : "constant",
                "value" : false
              },
              "repeatedCollection" : {
                "type" : "variable"
              }
            },
            "reference" : "64461d51-aa5d-4be7-8c6b-5ee1f7ef0a6e",
            "id" : "pbContainer",
            "rows" : [ [ {
              "type" : "component",
              "dimension" : {
                "xs" : 12,
                "sm" : 12,
                "md" : 12,
                "lg" : 12
              },
              "propertyValues" : {
                "cssClasses" : {
                  "type" : "constant",
                  "value" : ""
                },
                "hidden" : {
                  "type" : "constant",
                  "value" : false
                },
                "required" : {
                  "type" : "constant",
                  "value" : true
                },
                "minLength" : {
                  "type" : "constant",
                  "value" : ""
                },
                "maxLength" : {
                  "type" : "constant",
                  "value" : ""
                },
                "readOnly" : {
                  "type" : "constant",
                  "value" : false
                },
                "labelHidden" : {
                  "type" : "constant",
                  "value" : false
                },
                "label" : {
                  "type" : "interpolation",
                  "value" : "Lot size"
                },
                "labelPosition" : {
                  "type" : "constant",
                  "value" : "left"
                },
                "labelWidth" : {
                  "type" : "constant",
                  "value" : 4
                },
                "placeholder" : {
                  "type" : "interpolation"
                },
                "value" : {
                  "type" : "variable",
                  "value" : "replaySettings.lot"
                },
                "type" : {
                  "type" : "constant",
                  "value" : "number"
                },
                "min" : {
                  "type" : "constant",
                  "value" : 0
                },
                "max" : {
                  "type" : "expression",
                  "value" : "$item.count"
                },
                "step" : {
                  "type" : "constant",
                  "value" : 1
                }
              },
              "reference" : "d4fcd770-29d7-41d7-aa8f-da963cb709a8",
              "id" : "pbInput"
            } ], [ {
              "type" : "component",
              "dimension" : {
                "xs" : 12,
                "sm" : 12,
                "md" : 12,
                "lg" : 12
              },
              "propertyValues" : {
                "cssClasses" : {
                  "type" : "constant",
                  "value" : ""
                },
                "hidden" : {
                  "type" : "constant",
                  "value" : false
                },
                "required" : {
                  "type" : "constant",
                  "value" : true
                },
                "minLength" : {
                  "type" : "constant",
                  "value" : ""
                },
                "maxLength" : {
                  "type" : "constant",
                  "value" : ""
                },
                "readOnly" : {
                  "type" : "constant",
                  "value" : false
                },
                "labelHidden" : {
                  "type" : "constant",
                  "value" : false
                },
                "label" : {
                  "type" : "interpolation",
                  "value" : "Interval (s)"
                },
                "labelPosition" : {
                  "type" : "constant",
                  "value" : "left"
                },
                "labelWidth" : {
                  "type" : "constant",
                  "value" : 4
                },
                "placeholder" : {
                  "type" : "interpolation"
                },
                "value" : {
                  "type" : "variable",
                  "value" : "replaySettings.inteval"
                },
                "type" : {
                  "type" : "constant",
                  "value" : "number"
                },
                "min" : {
                  "type" : "constant"
                },
                "max" : {
                  "type" : "constant"
                },
                "step" : {
                  "type" : "constant",
                  "value" : 1
                }
              },
              "reference" : "6523742c-7ef9-4109-867f-4ef6de43efc8",
              "id" : "pbInput"
            } ] ]
          } ], [ {
            "type" : "component",
            "dimension" : {
              "xs" : 12,
              "sm" : 12,
              "md" : 6,
              "lg" : 6
            },
            "propertyValues" : {
              "cssClasses" : {
                "type" : "constant",
                "value" : ""
              },
              "hidden" : {
                "type" : "constant",
                "value" : false
              },
              "disabled" : {
                "type" : "constant",
                "value" : false
              },
              "label" : {
                "type" : "interpolation",
                "value" : "Cancel"
              },
              "alignment" : {
                "type" : "constant",
                "value" : "right"
              },
              "buttonStyle" : {
                "type" : "constant",
                "value" : "danger"
              },
              "action" : {
                "type" : "constant",
                "value" : "Remove from collection"
              },
              "url" : {
                "type" : "interpolation"
              },
              "dataToSend" : {
                "type" : "constant"
              },
              "dataFromSuccess" : {
                "type" : "variable"
              },
              "dataFromError" : {
                "type" : "variable"
              },
              "targetUrlOnSuccess" : {
                "type" : "interpolation"
              },
              "collectionToModify" : {
                "type" : "variable",
                "value" : "modals"
              },
              "collectionPosition" : {
                "type" : "constant",
                "value" : "First"
              },
              "valueToAdd" : {
                "type" : "constant"
              },
              "removeItem" : {
                "type" : "variable"
              }
            },
            "reference" : "fbed13bf-572a-48c4-aab5-6778fabe4dcd",
            "id" : "pbButton"
          }, {
            "type" : "component",
            "dimension" : {
              "xs" : 12,
              "sm" : 12,
              "md" : 6,
              "lg" : 6
            },
            "propertyValues" : {
              "cssClasses" : {
                "type" : "constant",
                "value" : ""
              },
              "hidden" : {
                "type" : "constant",
                "value" : false
              },
              "disabled" : {
                "type" : "expression",
                "value" : "$form.$invalid"
              },
              "label" : {
                "type" : "interpolation",
                "value" : "Replay"
              },
              "alignment" : {
                "type" : "constant",
                "value" : "left"
              },
              "buttonStyle" : {
                "type" : "constant",
                "value" : "warning"
              },
              "action" : {
                "type" : "constant",
                "value" : "Add to collection"
              },
              "url" : {
                "type" : "interpolation"
              },
              "dataToSend" : {
                "type" : "constant"
              },
              "dataFromSuccess" : {
                "type" : "variable"
              },
              "dataFromError" : {
                "type" : "variable"
              },
              "targetUrlOnSuccess" : {
                "type" : "interpolation"
              },
              "collectionToModify" : {
                "type" : "variable",
                "value" : "toReplay"
              },
              "collectionPosition" : {
                "type" : "constant",
                "value" : "First"
              },
              "valueToAdd" : {
                "type" : "expression",
                "value" : "$item.fnSet"
              },
              "removeItem" : {
                "type" : "variable"
              }
            },
            "reference" : "0ca2ec55-d3ba-4b0a-8687-b0e3f14d93c8",
            "id" : "pbButton"
          } ] ]
        }
      } ] ]
    } ] ]
  } ] ],
  "assets" : [ {
    "id" : "5c7da3a3-2043-4556-ab74-6acba92e31ec",
    "name" : "localization.json",
    "type" : "json",
    "order" : 0,
    "external" : false
  }, {
    "id" : "335c4ae0-fa2f-4871-84fb-11796a07e3f0",
    "name" : "style.css",
    "type" : "css",
    "order" : 0,
    "external" : false
  }, {
    "id" : "cd9d4d77-d13a-4094-ac55-4f50b5b32ab6",
    "name" : "modal.css",
    "type" : "css",
    "order" : 1,
    "external" : false
  } ],
  "inactiveAssets" : [ ],
  "data" : {
    "failedTasks" : {
      "type" : "constant",
      "value" : "",
      "exposed" : false
    },
    "exp_objectKeys" : {
      "type" : "expression",
      "value" : "if($data.failedTasks){\nvar replayed = \"\";\n/*\nif($data.toReplay && $data.toReplay.length > 0){\n    var fnSet = $data.toReplay[0];\n    console.log(\"fnSet\",fnSet);\n    replayed = fnSet.substring(fnSet.indexOf(\" -- \")+4, fnSet.length);\n    $data.toReplay = [];\n    $data.modals = [];\n}\n*/\nvar types = Object.keys($data.failedTasks);\nvar output = [];\ntypes.forEach(function(type){\n    var fnKeys = Object.keys($data.failedTasks[type]);\n    var fnList = [];\n    fnKeys.forEach(function(fnKey){    \n        var tokens = fnKey.split(\" -- \");\n        var fnSummary = {\n            \"process\":tokens[0],\n            \"version\":tokens[1],\n            \"fnType\":tokens[2],\n            \"name\":tokens[3],\n            \"fnSet\":(type +\" -- \" + fnKey)\n            \n        };\n        if(tokens.length == 5){\n            fnSummary.connector = tokens[4];\n        }\n        \n        //fnSummary.count = $data.failedTasks[type][fnKey].length;\n        fnSummary.count = $data.failedTasks[type][fnKey].count;\n        fnList.push(fnSummary);\n    });\n    \n    var t = {\"type\":type, \"data\":fnList};\n    output.push(t);\n});\n\nreturn output;\n\n}\n",
      "exposed" : false
    },
    "fnActions" : {
      "type" : "expression",
      "value" : "return [\r\n    {\r\n    \t\"name\": \"Replay these flowNodes\",\r\n    \t\"glyphicon\": \"repeat\",\r\n    \t\"handler\":function(row){\r\n    \t    $data.modals.push(row);\r\n    \t}\r\n    \t/*\r\n    \t\"href\": function(row) {\r\n    \t    return \"?fnSet=\"+row.fnSet;\r\n    \t},\r\n    \t\"target\": function(row) {\r\n    \t    return \"_self\";\r\n    \t}\r\n    \t*/\r\n    }\r\n];",
      "exposed" : false
    },
    "fnSet" : {
      "type" : "constant",
      "value" : "",
      "exposed" : false
    },
    "exp_fnSet" : {
      "type" : "expression",
      "value" : "if($data.modals && $data.modals.length>0){\n    var fnSet = $data.modals[0];\n    var l = fnSet.split(\" -- \")\n    var t = fnSet.substring(fnSet.indexOf(\" -- \")+4, fnSet.length)\n    return $data.failedTasks[l[0]][t];\n}\n",
      "exposed" : false
    },
    "modals" : {
      "type" : "json",
      "value" : "[]",
      "exposed" : false
    },
    "toReplay" : {
      "type" : "json",
      "value" : "[]",
      "exposed" : false
    },
    "replaySettings" : {
      "type" : "json",
      "value" : "{}",
      "exposed" : false
    },
    "replayed" : {
      "type" : "json",
      "value" : "[]",
      "exposed" : false
    },
    "exp_toReplay" : {
      "type" : "expression",
      "value" : "if($data.toReplay && $data.toReplay.length >0){\n    $data.toReplay.forEach(function(row){\n        $data.replayed.push(row);    \n    });\n    \n    $data.toReplay=[];\n    $data.modals=[];\n    \n}",
      "exposed" : false
    },
    "filters" : {
      "type" : "json",
      "value" : "{}",
      "exposed" : false
    },
    "exp_filtersDate" : {
      "type" : "expression",
      "value" : "if($data.filters.server && $data.filters.server.endDate){\n        $data.filters.server.endDateMs = new Date($data.filters.server.endDate).getTime()\n}\nif($data.filters.server && $data.filters.server.startDate){\n        $data.filters.server.startDateMs = new Date($data.filters.server.startDate).getTime()\n}\n",
      "exposed" : false
    },
    "processes" : {
      "type" : "url",
      "value" : "/RESTBulkReplayDataAccesor/rest/processes",
      "exposed" : false
    },
    "temp" : {
      "type" : "constant",
      "exposed" : false
    },
    "exp_urlRest" : {
      "type" : "expression",
      "value" : "if($data.filters.server){\n    var url = \"/RESTBulkReplayDataAccesor/rest/failedFlowNodes?\";\n    if($data.filters.server.startDateMs)\n        url = url + \"startDate=\" + $data.filters.server.startDateMs;\n    if($data.filters.server.endDateMs){\n        if($data.filters.server.startDateMs)\n            url = url + \"&\" + \"endDate=\" + $data.filters.server.endDateMs; \n    }\n        \n    return url;\n}else{\n    return \"/RESTBulkReplayDataAccesor/rest/failedFlowNodes\";\n}",
      "exposed" : false
    }
  }
}