{
  "designerVersion" : "1.5.36",
  "id" : "7de605f2-a60c-4c9f-8096-5467fd9538eb",
  "name" : "AccessToMonitoringApp",
  "type" : "page",
  "lastUpdate" : 1499783774953,
  "rows" : [ [ {
    "type" : "component",
    "dimension" : {
      "xs" : 12,
      "sm" : 12,
      "md" : 12,
      "lg" : 12
    },
    "propertyValues" : {
      "cssClasses" : {
        "type" : "constant",
        "value" : ""
      },
      "hidden" : {
        "type" : "constant",
        "value" : false
      },
      "text" : {
        "type" : "interpolation",
        "value" : "Access to Monitoring APP"
      },
      "type" : {
        "type" : "constant",
        "value" : "URL"
      },
      "targetUrl" : {
        "type" : "constant",
        "value" : "/bonita/apps/monitoring"
      },
      "pageToken" : {
        "type" : "constant"
      },
      "processName" : {
        "type" : "constant"
      },
      "processVersion" : {
        "type" : "constant"
      },
      "taskId" : {
        "type" : "constant"
      },
      "caseId" : {
        "type" : "constant"
      },
      "target" : {
        "type" : "constant",
        "value" : "_top"
      },
      "appToken" : {
        "type" : "constant"
      },
      "urlParams" : {
        "type" : "constant"
      },
      "alignment" : {
        "type" : "constant",
        "value" : "center"
      },
      "buttonStyle" : {
        "type" : "constant",
        "value" : "success"
      }
    },
    "reference" : "dd43fb69-67ae-4312-9391-f14a128c661c",
    "id" : "pbLink"
  } ] ],
  "assets" : [ {
    "id" : "c7d52858-41ef-4cd6-97cc-d4a655ee4f5f",
    "name" : "style.css",
    "type" : "css",
    "order" : 0,
    "external" : false
  }, {
    "id" : "e58d2fa3-1959-4de7-afe0-62425d6f412a",
    "name" : "localization.json",
    "type" : "json",
    "order" : 0,
    "external" : false
  } ],
  "inactiveAssets" : [ ],
  "data" : { }
}