{
  "designerVersion" : "1.5.36",
  "id" : "60c3459e-8de8-4b87-a60f-4940b9baf49f",
  "name" : "ADMINBulkReplayExt",
  "type" : "page",
  "lastUpdate" : 1500995781409,
  "rows" : [ [ {
    "type" : "container",
    "dimension" : {
      "xs" : 12,
      "sm" : 12,
      "md" : 12,
      "lg" : 12
    },
    "propertyValues" : {
      "cssClasses" : {
        "type" : "constant",
        "value" : ""
      },
      "hidden" : {
        "type" : "constant",
        "value" : false
      },
      "repeatedCollection" : {
        "type" : "variable"
      }
    },
    "reference" : "8a0f3612-2931-47ad-8e33-9c36fe11f3a3",
    "id" : "pbContainer",
    "rows" : [ [ {
      "type" : "component",
      "dimension" : {
        "xs" : 12,
        "sm" : 12,
        "md" : 6,
        "lg" : 6
      },
      "propertyValues" : {
        "cssClasses" : {
          "type" : "constant",
          "value" : ""
        },
        "hidden" : {
          "type" : "constant",
          "value" : false
        },
        "required" : {
          "type" : "constant",
          "value" : false
        },
        "minLength" : {
          "type" : "constant",
          "value" : ""
        },
        "maxLength" : {
          "type" : "constant",
          "value" : ""
        },
        "readOnly" : {
          "type" : "constant",
          "value" : false
        },
        "labelHidden" : {
          "type" : "constant",
          "value" : false
        },
        "label" : {
          "type" : "interpolation",
          "value" : "Process Filters"
        },
        "labelPosition" : {
          "type" : "constant",
          "value" : "left"
        },
        "labelWidth" : {
          "type" : "constant",
          "value" : 4
        },
        "placeholder" : {
          "type" : "interpolation"
        },
        "value" : {
          "type" : "variable",
          "value" : "temp.filter.name"
        },
        "type" : {
          "type" : "constant",
          "value" : "text"
        },
        "min" : {
          "type" : "constant"
        },
        "max" : {
          "type" : "constant"
        },
        "step" : {
          "type" : "constant",
          "value" : 1
        }
      },
      "reference" : "da55853f-4c0b-47b2-be17-4d0278dd7666",
      "id" : "pbInput"
    }, {
      "type" : "component",
      "dimension" : {
        "xs" : 12,
        "sm" : 12,
        "md" : 3,
        "lg" : 3
      },
      "propertyValues" : {
        "cssClasses" : {
          "type" : "constant",
          "value" : ""
        },
        "hidden" : {
          "type" : "constant",
          "value" : false
        },
        "disabled" : {
          "type" : "constant",
          "value" : false
        },
        "required" : {
          "type" : "constant",
          "value" : false
        },
        "labelHidden" : {
          "type" : "constant",
          "value" : true
        },
        "label" : {
          "type" : "interpolation",
          "value" : "Processes"
        },
        "labelPosition" : {
          "type" : "constant",
          "value" : "top"
        },
        "labelWidth" : {
          "type" : "constant",
          "value" : 4
        },
        "inline" : {
          "type" : "constant",
          "value" : false
        },
        "availableValues" : {
          "type" : "constant",
          "value" : [ "with failures", "all" ]
        },
        "displayedKey" : {
          "type" : "constant"
        },
        "returnedKey" : {
          "type" : "constant"
        },
        "selectedValue" : {
          "type" : "variable",
          "value" : "temp.filter.failedCases"
        }
      },
      "reference" : "1c3622e6-84fb-4679-8407-82e42e03d448",
      "id" : "pbRadioButtons"
    }, {
      "type" : "component",
      "dimension" : {
        "xs" : 12,
        "sm" : 12,
        "md" : 3,
        "lg" : 3
      },
      "propertyValues" : {
        "cssClasses" : {
          "type" : "constant",
          "value" : ""
        },
        "hidden" : {
          "type" : "constant",
          "value" : false
        },
        "disabled" : {
          "type" : "constant",
          "value" : false
        },
        "required" : {
          "type" : "constant",
          "value" : false
        },
        "labelHidden" : {
          "type" : "constant",
          "value" : true
        },
        "label" : {
          "type" : "interpolation",
          "value" : "Default label"
        },
        "labelPosition" : {
          "type" : "constant",
          "value" : "top"
        },
        "labelWidth" : {
          "type" : "constant",
          "value" : 4
        },
        "inline" : {
          "type" : "constant",
          "value" : false
        },
        "availableValues" : {
          "type" : "constant",
          "value" : [ "only enabled", "all" ]
        },
        "displayedKey" : {
          "type" : "constant"
        },
        "returnedKey" : {
          "type" : "constant"
        },
        "selectedValue" : {
          "type" : "variable",
          "value" : "temp.filter.status"
        }
      },
      "reference" : "ce5b8620-7634-42a9-bc50-2a2a1f1a4072",
      "id" : "pbRadioButtons"
    } ] ]
  } ], [ {
    "type" : "component",
    "dimension" : {
      "xs" : 12,
      "sm" : 12,
      "md" : 12,
      "lg" : 12
    },
    "propertyValues" : {
      "cssClasses" : {
        "type" : "constant",
        "value" : ""
      },
      "hidden" : {
        "type" : "constant",
        "value" : false
      },
      "text" : {
        "type" : "interpolation",
        "value" : "Process List"
      },
      "level" : {
        "type" : "constant",
        "value" : "Level 2"
      },
      "alignment" : {
        "type" : "constant",
        "value" : "left"
      }
    },
    "reference" : "154aaca2-104e-401e-8d01-3da58f20bdfa",
    "id" : "pbTitle"
  } ], [ {
    "type" : "component",
    "dimension" : {
      "xs" : 12,
      "sm" : 12,
      "md" : 12,
      "lg" : 12
    },
    "propertyValues" : {
      "cssClasses" : {
        "type" : "constant",
        "value" : ""
      },
      "hidden" : {
        "type" : "constant",
        "value" : false
      },
      "headers" : {
        "type" : "constant",
        "value" : [ "State", "Name", "Version", "Failures" ]
      },
      "type" : {
        "type" : "constant",
        "value" : "Variable"
      },
      "apiUrl" : {
        "type" : "constant",
        "value" : "../API/"
      },
      "params" : {
        "type" : "constant"
      },
      "content" : {
        "type" : "expression",
        "value" : "processes"
      },
      "columnsKey" : {
        "type" : "constant",
        "value" : [ "activationState", "name", "version", "failedCases" ]
      },
      "sortColumns" : {
        "type" : "constant"
      },
      "selectedRow" : {
        "type" : "variable",
        "value" : "temp.processSelected"
      },
      "pageSize" : {
        "type" : "constant",
        "value" : 10
      },
      "filter" : {
        "type" : "expression",
        "value" : "exp_filters"
      }
    },
    "reference" : "2db22e8a-d60d-47a4-a0ad-d8fc4254eb3c",
    "id" : "pbDataTable"
  } ], [ {
    "type" : "container",
    "dimension" : {
      "xs" : 12,
      "sm" : 12,
      "md" : 12,
      "lg" : 12
    },
    "propertyValues" : {
      "cssClasses" : {
        "type" : "constant",
        "value" : ""
      },
      "hidden" : {
        "type" : "expression",
        "value" : "!temp.processSelectedChange || temp.flowNodesStatsLoading"
      },
      "repeatedCollection" : {
        "type" : "variable",
        "value" : ""
      }
    },
    "reference" : "ffa0c240-895a-40a0-8441-c682c2313ba3",
    "id" : "pbContainer",
    "rows" : [ [ {
      "type" : "component",
      "dimension" : {
        "xs" : 12,
        "sm" : 12,
        "md" : 12,
        "lg" : 12
      },
      "propertyValues" : {
        "cssClasses" : {
          "type" : "constant",
          "value" : ""
        },
        "hidden" : {
          "type" : "constant",
          "value" : false
        },
        "text" : {
          "type" : "interpolation",
          "value" : "FlowNode List"
        },
        "level" : {
          "type" : "constant",
          "value" : "Level 3"
        },
        "alignment" : {
          "type" : "constant",
          "value" : "left"
        }
      },
      "reference" : "b484640d-8419-408b-9066-10b6127540e8",
      "id" : "pbTitle"
    } ], [ {
      "type" : "component",
      "dimension" : {
        "xs" : 12,
        "sm" : 12,
        "md" : 12,
        "lg" : 12
      },
      "propertyValues" : {
        "cssClasses" : {
          "type" : "constant",
          "value" : ""
        },
        "hidden" : {
          "type" : "constant",
          "value" : false
        },
        "headers" : {
          "type" : "constant",
          "value" : [ "Type", "Name", "Count", "Status" ]
        },
        "type" : {
          "type" : "constant",
          "value" : "Variable"
        },
        "apiUrl" : {
          "type" : "constant",
          "value" : "../API/"
        },
        "params" : {
          "type" : "constant"
        },
        "content" : {
          "type" : "expression",
          "value" : "flowNodesStats"
        },
        "columnsKey" : {
          "type" : "constant",
          "value" : [ "type", "name", "flowNodeIds.length", "status" ]
        },
        "sortColumns" : {
          "type" : "constant"
        },
        "selectedRow" : {
          "type" : "variable",
          "value" : "temp.flowNodeSelected"
        },
        "pageSize" : {
          "type" : "constant",
          "value" : 10
        },
        "filter" : {
          "type" : "constant"
        }
      },
      "reference" : "22b965f7-19db-45c1-a771-7aa4801e8741",
      "id" : "pbDataTable"
    } ], [ {
      "type" : "container",
      "dimension" : {
        "xs" : 12,
        "sm" : 12,
        "md" : 12,
        "lg" : 12
      },
      "propertyValues" : {
        "cssClasses" : {
          "type" : "constant",
          "value" : ""
        },
        "hidden" : {
          "type" : "expression",
          "value" : "!temp.flowNodeSelected"
        },
        "repeatedCollection" : {
          "type" : "variable",
          "value" : ""
        }
      },
      "reference" : "dbe86907-6057-4d87-be6f-ad48fcb8ae3f",
      "id" : "pbContainer",
      "rows" : [ [ {
        "type" : "container",
        "dimension" : {
          "xs" : 12,
          "sm" : 12,
          "md" : 12,
          "lg" : 12
        },
        "propertyValues" : {
          "cssClasses" : {
            "type" : "constant",
            "value" : "alert alert-info"
          },
          "hidden" : {
            "type" : "expression",
            "value" : "temp.flowNodeSelected.type !==\"AUTOMATIC_TASK\""
          },
          "repeatedCollection" : {
            "type" : "variable"
          }
        },
        "reference" : "635b4954-a254-4bda-9a63-f55d8b833dbd",
        "id" : "pbContainer",
        "rows" : [ [ {
          "type" : "component",
          "dimension" : {
            "xs" : 12,
            "sm" : 12,
            "md" : 9,
            "lg" : 9
          },
          "propertyValues" : {
            "cssClasses" : {
              "type" : "constant",
              "value" : ""
            },
            "hidden" : {
              "type" : "constant",
              "value" : false
            },
            "text" : {
              "type" : "interpolation",
              "value" : "<pre>Do you want to get more details of errors of activity \"{{temp.flowNodeSelected.name}}\" ?\n<b>There are {{temp.flowNodeSelected.flowNodeIds.length}} elements, it can take a while </b></pre>"
            },
            "alignment" : {
              "type" : "constant",
              "value" : "left"
            }
          },
          "reference" : "a852f25a-c740-48c8-803e-f72f4c76268e",
          "id" : "pbText"
        }, {
          "type" : "component",
          "dimension" : {
            "xs" : 12,
            "sm" : 12,
            "md" : 3,
            "lg" : 3
          },
          "propertyValues" : {
            "cssClasses" : {
              "type" : "constant",
              "value" : ""
            },
            "hidden" : {
              "type" : "constant",
              "value" : false
            },
            "disabled" : {
              "type" : "constant",
              "value" : false
            },
            "label" : {
              "type" : "interpolation",
              "value" : "Get more details"
            },
            "alignment" : {
              "type" : "constant",
              "value" : "center"
            },
            "buttonStyle" : {
              "type" : "constant",
              "value" : "info"
            },
            "action" : {
              "type" : "constant",
              "value" : "POST"
            },
            "url" : {
              "type" : "interpolation",
              "value" : "/RESTBulkReplayDataAccesor/rest/deepFlowNodesStats"
            },
            "dataToSend" : {
              "type" : "expression",
              "value" : "temp.flowNodeSelected"
            },
            "dataFromSuccess" : {
              "type" : "variable",
              "value" : "temp.deepFlowNodeStats"
            },
            "dataFromError" : {
              "type" : "variable"
            },
            "targetUrlOnSuccess" : {
              "type" : "interpolation"
            },
            "collectionToModify" : {
              "type" : "variable"
            },
            "collectionPosition" : {
              "type" : "constant",
              "value" : "Last"
            },
            "valueToAdd" : {
              "type" : "constant"
            },
            "removeItem" : {
              "type" : "variable"
            }
          },
          "reference" : "fbf7b1c6-1dc4-4708-95cb-fb51e0eace4c",
          "id" : "pbButton"
        } ] ]
      } ], [ {
        "type" : "container",
        "dimension" : {
          "xs" : 12,
          "sm" : 12,
          "md" : 12,
          "lg" : 12
        },
        "propertyValues" : {
          "cssClasses" : {
            "type" : "constant",
            "value" : ""
          },
          "hidden" : {
            "type" : "constant",
            "value" : false
          },
          "repeatedCollection" : {
            "type" : "variable"
          }
        },
        "reference" : "2261b638-96c1-4d0d-ba54-208903d65535",
        "id" : "pbContainer",
        "rows" : [ [ {
          "type" : "container",
          "dimension" : {
            "xs" : 12,
            "sm" : 12,
            "md" : 6,
            "lg" : 6
          },
          "propertyValues" : {
            "cssClasses" : {
              "type" : "constant",
              "value" : "alert alert-warning"
            },
            "hidden" : {
              "type" : "constant",
              "value" : false
            },
            "repeatedCollection" : {
              "type" : "variable"
            }
          },
          "reference" : "0955586e-1a8e-4b7c-90a9-6332ca1fb96a",
          "id" : "pbContainer",
          "rows" : [ [ {
            "type" : "component",
            "dimension" : {
              "xs" : 12,
              "sm" : 12,
              "md" : 9,
              "lg" : 9
            },
            "propertyValues" : {
              "cssClasses" : {
                "type" : "constant",
                "value" : ""
              },
              "hidden" : {
                "type" : "constant",
                "value" : false
              },
              "text" : {
                "type" : "interpolation",
                "value" : "Do you want to replay these \"{{temp.flowNodeSelected.name}}\" flownodes?\nThey will be scheduled"
              },
              "alignment" : {
                "type" : "constant",
                "value" : "left"
              }
            },
            "reference" : "fc2ce8a4-038b-415f-b767-674b60455039",
            "id" : "pbText"
          }, {
            "type" : "component",
            "dimension" : {
              "xs" : 12,
              "sm" : 12,
              "md" : 3,
              "lg" : 3
            },
            "propertyValues" : {
              "cssClasses" : {
                "type" : "constant",
                "value" : ""
              },
              "hidden" : {
                "type" : "constant",
                "value" : false
              },
              "disabled" : {
                "type" : "constant",
                "value" : false
              },
              "label" : {
                "type" : "interpolation",
                "value" : "Retry"
              },
              "alignment" : {
                "type" : "constant",
                "value" : "center"
              },
              "buttonStyle" : {
                "type" : "constant",
                "value" : "warning"
              },
              "action" : {
                "type" : "constant",
                "value" : "POST"
              },
              "url" : {
                "type" : "interpolation",
                "value" : "/RESTBulkReplayDataAccesor/rest/replayExt"
              },
              "dataToSend" : {
                "type" : "expression",
                "value" : "temp.flowNodeSelected"
              },
              "dataFromSuccess" : {
                "type" : "variable",
                "value" : "temp.f_retried"
              },
              "dataFromError" : {
                "type" : "variable"
              },
              "targetUrlOnSuccess" : {
                "type" : "interpolation"
              },
              "collectionToModify" : {
                "type" : "variable"
              },
              "collectionPosition" : {
                "type" : "constant",
                "value" : "Last"
              },
              "valueToAdd" : {
                "type" : "constant"
              },
              "removeItem" : {
                "type" : "variable"
              }
            },
            "reference" : "9bc6d3b4-8cb5-45dc-b4c0-8f56ac58eac9",
            "id" : "pbButton"
          } ] ]
        }, {
          "type" : "container",
          "dimension" : {
            "xs" : 12,
            "sm" : 12,
            "md" : 6,
            "lg" : 6
          },
          "propertyValues" : {
            "cssClasses" : {
              "type" : "constant",
              "value" : "alert alert-danger"
            },
            "hidden" : {
              "type" : "constant",
              "value" : false
            },
            "repeatedCollection" : {
              "type" : "variable"
            }
          },
          "reference" : "1bd2ac29-972d-4bac-ac4a-510881b633b3",
          "id" : "pbContainer",
          "rows" : [ [ {
            "type" : "component",
            "dimension" : {
              "xs" : 12,
              "sm" : 12,
              "md" : 9,
              "lg" : 9
            },
            "propertyValues" : {
              "cssClasses" : {
                "type" : "constant",
                "value" : ""
              },
              "hidden" : {
                "type" : "constant",
                "value" : false
              },
              "text" : {
                "type" : "interpolation",
                "value" : "Do you want to delete the cases of these \"{{temp.flowNodeSelected.name}}\" flownodes?\nThey will be scheduled"
              },
              "alignment" : {
                "type" : "constant",
                "value" : "left"
              }
            },
            "reference" : "9673258b-90fa-45e7-be31-0e73b3684239",
            "id" : "pbText"
          }, {
            "type" : "component",
            "dimension" : {
              "xs" : 12,
              "sm" : 12,
              "md" : 3,
              "lg" : 3
            },
            "propertyValues" : {
              "cssClasses" : {
                "type" : "constant",
                "value" : ""
              },
              "hidden" : {
                "type" : "constant",
                "value" : false
              },
              "disabled" : {
                "type" : "constant",
                "value" : false
              },
              "label" : {
                "type" : "interpolation",
                "value" : "Delete"
              },
              "alignment" : {
                "type" : "constant",
                "value" : "center"
              },
              "buttonStyle" : {
                "type" : "constant",
                "value" : "danger"
              },
              "action" : {
                "type" : "constant",
                "value" : "POST"
              },
              "url" : {
                "type" : "interpolation",
                "value" : "/RESTBulkReplayDataAccesor/rest/deleteExt"
              },
              "dataToSend" : {
                "type" : "expression",
                "value" : "temp.flowNodeSelected"
              },
              "dataFromSuccess" : {
                "type" : "variable",
                "value" : "temp.f_deleted"
              },
              "dataFromError" : {
                "type" : "variable"
              },
              "targetUrlOnSuccess" : {
                "type" : "interpolation"
              },
              "collectionToModify" : {
                "type" : "variable"
              },
              "collectionPosition" : {
                "type" : "constant",
                "value" : "Last"
              },
              "valueToAdd" : {
                "type" : "constant"
              },
              "removeItem" : {
                "type" : "variable"
              }
            },
            "reference" : "48e801e8-fcb1-4a4e-beaf-f94e9289f9aa",
            "id" : "pbButton"
          } ] ]
        } ] ]
      } ], [ {
        "type" : "container",
        "dimension" : {
          "xs" : 12,
          "sm" : 12,
          "md" : 12,
          "lg" : 12
        },
        "propertyValues" : {
          "cssClasses" : {
            "type" : "constant",
            "value" : ""
          },
          "hidden" : {
            "type" : "expression",
            "value" : "!temp.flowNodeSelectedChange || temp.deepFlowNodesStatsLoading"
          },
          "repeatedCollection" : {
            "type" : "variable"
          }
        },
        "reference" : "a3b3f038-d659-4bec-b307-400b8522b215",
        "id" : "pbContainer",
        "rows" : [ [ {
          "type" : "component",
          "dimension" : {
            "xs" : 12,
            "sm" : 12,
            "md" : 12,
            "lg" : 12
          },
          "propertyValues" : {
            "cssClasses" : {
              "type" : "constant",
              "value" : ""
            },
            "hidden" : {
              "type" : "constant",
              "value" : false
            },
            "headers" : {
              "type" : "constant",
              "value" : [ "Name", "Connector", "Exception Message", "Count", "Status" ]
            },
            "type" : {
              "type" : "constant",
              "value" : "Variable"
            },
            "apiUrl" : {
              "type" : "constant",
              "value" : "../API/"
            },
            "params" : {
              "type" : "constant"
            },
            "content" : {
              "type" : "expression",
              "value" : "temp.deepFlowNodeStats"
            },
            "columnsKey" : {
              "type" : "constant",
              "value" : [ "name", "connectorId", "exceptionMessage", "flowNodeIds.length", "status" ]
            },
            "sortColumns" : {
              "type" : "constant"
            },
            "selectedRow" : {
              "type" : "variable",
              "value" : "temp.connectorSelected"
            },
            "pageSize" : {
              "type" : "constant",
              "value" : 10
            },
            "filter" : {
              "type" : "constant"
            },
            "actions" : {
              "type" : "variable",
              "value" : "cn_actions"
            },
            "isEmpty" : {
              "type" : "variable"
            },
            "highlightedRows" : {
              "type" : "constant"
            },
            "highlightedRowsProperty" : {
              "type" : "constant"
            },
            "defaultSortColumn" : {
              "type" : "constant"
            },
            "defaultSortOrder" : {
              "type" : "constant",
              "value" : "ASC"
            },
            "title" : {
              "type" : "interpolation",
              "value" : "Detailed Information - {{temp.flowNodeSelected.name}}"
            },
            "actionsTitle" : {
              "type" : "constant",
              "value" : "StackTrace"
            }
          },
          "reference" : "d88ba120-b010-476c-881c-a707093424e5",
          "id" : "customDataTableWithSettingsEmptyAndActions"
        } ], [ {
          "type" : "container",
          "dimension" : {
            "xs" : 12,
            "sm" : 12,
            "md" : 12,
            "lg" : 12
          },
          "propertyValues" : {
            "cssClasses" : {
              "type" : "constant",
              "value" : ""
            },
            "hidden" : {
              "type" : "expression",
              "value" : "!temp.connectorSelected"
            },
            "repeatedCollection" : {
              "type" : "variable",
              "value" : ""
            }
          },
          "reference" : "f21b845c-d4e1-4601-b904-b2d7e80fd497",
          "id" : "pbContainer",
          "rows" : [ [ {
            "type" : "container",
            "dimension" : {
              "xs" : 12,
              "sm" : 12,
              "md" : 6,
              "lg" : 6
            },
            "propertyValues" : {
              "cssClasses" : {
                "type" : "constant",
                "value" : "alert alert-warning"
              },
              "hidden" : {
                "type" : "constant",
                "value" : false
              },
              "repeatedCollection" : {
                "type" : "variable"
              }
            },
            "reference" : "5a22f466-e516-4e03-9c9b-8611ec961ed8",
            "id" : "pbContainer",
            "rows" : [ [ {
              "type" : "component",
              "dimension" : {
                "xs" : 12,
                "sm" : 12,
                "md" : 9,
                "lg" : 9
              },
              "propertyValues" : {
                "cssClasses" : {
                  "type" : "constant",
                  "value" : ""
                },
                "hidden" : {
                  "type" : "constant",
                  "value" : false
                },
                "text" : {
                  "type" : "interpolation",
                  "value" : "Do you want to replay these \"{{temp.connectorSelected.name}}\" connectors?\nThey will be scheduled"
                },
                "alignment" : {
                  "type" : "constant",
                  "value" : "left"
                }
              },
              "reference" : "42479b29-6950-4142-aab4-e55515135359",
              "id" : "pbText"
            }, {
              "type" : "component",
              "dimension" : {
                "xs" : 12,
                "sm" : 12,
                "md" : 3,
                "lg" : 3
              },
              "propertyValues" : {
                "cssClasses" : {
                  "type" : "constant",
                  "value" : ""
                },
                "hidden" : {
                  "type" : "constant",
                  "value" : false
                },
                "disabled" : {
                  "type" : "constant",
                  "value" : false
                },
                "label" : {
                  "type" : "interpolation",
                  "value" : "Retry"
                },
                "alignment" : {
                  "type" : "constant",
                  "value" : "center"
                },
                "buttonStyle" : {
                  "type" : "constant",
                  "value" : "warning"
                },
                "action" : {
                  "type" : "constant",
                  "value" : "POST"
                },
                "url" : {
                  "type" : "interpolation",
                  "value" : "/RESTBulkReplayDataAccesor/rest/replayExt"
                },
                "dataToSend" : {
                  "type" : "expression",
                  "value" : "temp.connectorSelected"
                },
                "dataFromSuccess" : {
                  "type" : "variable",
                  "value" : "temp.c_retried"
                },
                "dataFromError" : {
                  "type" : "variable"
                },
                "targetUrlOnSuccess" : {
                  "type" : "interpolation"
                },
                "collectionToModify" : {
                  "type" : "variable"
                },
                "collectionPosition" : {
                  "type" : "constant",
                  "value" : "Last"
                },
                "valueToAdd" : {
                  "type" : "constant"
                },
                "removeItem" : {
                  "type" : "variable"
                }
              },
              "reference" : "1637c806-840b-479f-b7d1-521507e2dad2",
              "id" : "pbButton"
            } ] ]
          }, {
            "type" : "container",
            "dimension" : {
              "xs" : 12,
              "sm" : 12,
              "md" : 6,
              "lg" : 6
            },
            "propertyValues" : {
              "cssClasses" : {
                "type" : "constant",
                "value" : "alert alert-danger"
              },
              "hidden" : {
                "type" : "constant",
                "value" : false
              },
              "repeatedCollection" : {
                "type" : "variable"
              }
            },
            "reference" : "76b7fab3-1f59-4a1e-a6c0-b22b4953ec12",
            "id" : "pbContainer",
            "rows" : [ [ {
              "type" : "component",
              "dimension" : {
                "xs" : 12,
                "sm" : 12,
                "md" : 9,
                "lg" : 9
              },
              "propertyValues" : {
                "cssClasses" : {
                  "type" : "constant",
                  "value" : ""
                },
                "hidden" : {
                  "type" : "constant",
                  "value" : false
                },
                "text" : {
                  "type" : "interpolation",
                  "value" : "Do you want to delete the cases of these \"{{temp.connectorSelected.name}}\" connectors?\nThey will be scheduled"
                },
                "alignment" : {
                  "type" : "constant",
                  "value" : "left"
                }
              },
              "reference" : "d41bbf15-9d25-4250-b93e-e2b7cb434c61",
              "id" : "pbText"
            }, {
              "type" : "component",
              "dimension" : {
                "xs" : 12,
                "sm" : 12,
                "md" : 3,
                "lg" : 3
              },
              "propertyValues" : {
                "cssClasses" : {
                  "type" : "constant",
                  "value" : ""
                },
                "hidden" : {
                  "type" : "constant",
                  "value" : false
                },
                "disabled" : {
                  "type" : "constant",
                  "value" : false
                },
                "label" : {
                  "type" : "interpolation",
                  "value" : "Delete"
                },
                "alignment" : {
                  "type" : "constant",
                  "value" : "center"
                },
                "buttonStyle" : {
                  "type" : "constant",
                  "value" : "danger"
                },
                "action" : {
                  "type" : "constant",
                  "value" : "POST"
                },
                "url" : {
                  "type" : "interpolation",
                  "value" : "/RESTBulkReplayDataAccesor/rest/deleteExt"
                },
                "dataToSend" : {
                  "type" : "expression",
                  "value" : "temp.connectorSelected"
                },
                "dataFromSuccess" : {
                  "type" : "variable",
                  "value" : "temp.c_deleted"
                },
                "dataFromError" : {
                  "type" : "variable"
                },
                "targetUrlOnSuccess" : {
                  "type" : "interpolation"
                },
                "collectionToModify" : {
                  "type" : "variable"
                },
                "collectionPosition" : {
                  "type" : "constant",
                  "value" : "Last"
                },
                "valueToAdd" : {
                  "type" : "constant"
                },
                "removeItem" : {
                  "type" : "variable"
                }
              },
              "reference" : "711f6df5-49e5-49a2-8a8a-f80a051f2de0",
              "id" : "pbButton"
            } ] ]
          } ] ]
        } ] ]
      } ] ]
    } ] ]
  } ], [ {
    "type" : "container",
    "dimension" : {
      "xs" : 12,
      "sm" : 12,
      "md" : 12,
      "lg" : 12
    },
    "propertyValues" : {
      "cssClasses" : {
        "type" : "constant",
        "value" : ""
      },
      "hidden" : {
        "type" : "expression",
        "value" : "!temp.processSelected || !temp.flowNodesStatsLoading"
      },
      "repeatedCollection" : {
        "type" : "variable"
      }
    },
    "reference" : "23a8d63d-d1b4-4a9d-9d06-81b8279c9db8",
    "id" : "pbContainer",
    "rows" : [ [ {
      "type" : "component",
      "dimension" : {
        "xs" : 12,
        "sm" : 12,
        "md" : 12,
        "lg" : 12
      },
      "propertyValues" : {
        "cssClasses" : {
          "type" : "constant",
          "value" : ""
        },
        "hidden" : {
          "type" : "constant",
          "value" : false
        },
        "text" : {
          "type" : "interpolation",
          "value" : "Loading flow node information.\nThere are {{temp.processSelected.failedCases}} failed cases, it can take a while."
        },
        "alignment" : {
          "type" : "constant",
          "value" : "left"
        }
      },
      "reference" : "945830a5-de01-43ca-b469-53c5fe76f9d8",
      "id" : "pbText"
    } ] ]
  } ], [ {
    "type" : "container",
    "dimension" : {
      "xs" : 12,
      "sm" : 12,
      "md" : 12,
      "lg" : 12
    },
    "propertyValues" : {
      "cssClasses" : {
        "type" : "constant",
        "value" : "Modal-overlay"
      },
      "hidden" : {
        "type" : "constant",
        "value" : false
      },
      "repeatedCollection" : {
        "type" : "variable",
        "value" : "temp.modalConnector"
      }
    },
    "reference" : "452cc66e-60d4-4ed5-8cde-b67b0e4f8969",
    "id" : "pbContainer",
    "rows" : [ [ {
      "type" : "container",
      "dimension" : {
        "xs" : 12,
        "sm" : 12,
        "md" : 12,
        "lg" : 12
      },
      "propertyValues" : {
        "cssClasses" : {
          "type" : "constant",
          "value" : "Modal-content"
        },
        "hidden" : {
          "type" : "constant",
          "value" : false
        },
        "repeatedCollection" : {
          "type" : "variable"
        }
      },
      "reference" : "e55105a9-eb7d-47ed-985c-f3b3ddd2ebf3",
      "id" : "pbContainer",
      "rows" : [ [ {
        "type" : "component",
        "dimension" : {
          "xs" : 12,
          "sm" : 12,
          "md" : 6,
          "lg" : 10
        },
        "propertyValues" : {
          "cssClasses" : {
            "type" : "constant",
            "value" : ""
          },
          "hidden" : {
            "type" : "constant",
            "value" : false
          },
          "text" : {
            "type" : "interpolation",
            "value" : "{{$item.exceptionMessage}}"
          },
          "level" : {
            "type" : "constant",
            "value" : "Level 3"
          },
          "alignment" : {
            "type" : "constant",
            "value" : "left"
          }
        },
        "reference" : "28aa0ad5-0a68-4411-9691-68fd35e869ac",
        "id" : "pbTitle"
      }, {
        "type" : "component",
        "dimension" : {
          "xs" : 12,
          "sm" : 12,
          "md" : 6,
          "lg" : 2
        },
        "propertyValues" : {
          "cssClasses" : {
            "type" : "constant",
            "value" : ""
          },
          "hidden" : {
            "type" : "constant",
            "value" : false
          },
          "disabled" : {
            "type" : "constant",
            "value" : false
          },
          "label" : {
            "type" : "interpolation",
            "value" : "X"
          },
          "alignment" : {
            "type" : "constant",
            "value" : "right"
          },
          "buttonStyle" : {
            "type" : "constant",
            "value" : "link"
          },
          "action" : {
            "type" : "constant",
            "value" : "Remove from collection"
          },
          "url" : {
            "type" : "interpolation"
          },
          "dataToSend" : {
            "type" : "constant"
          },
          "dataFromSuccess" : {
            "type" : "variable"
          },
          "dataFromError" : {
            "type" : "variable"
          },
          "targetUrlOnSuccess" : {
            "type" : "interpolation"
          },
          "collectionToModify" : {
            "type" : "variable",
            "value" : "temp.modalConnector"
          },
          "collectionPosition" : {
            "type" : "constant",
            "value" : "Item"
          },
          "valueToAdd" : {
            "type" : "constant"
          },
          "removeItem" : {
            "type" : "variable",
            "value" : "$item"
          }
        },
        "reference" : "ed52fd16-35bf-437c-a0bc-1145a1cc1e6e",
        "id" : "pbButton"
      } ], [ {
        "type" : "component",
        "dimension" : {
          "xs" : 12,
          "sm" : 12,
          "md" : 12,
          "lg" : 12
        },
        "propertyValues" : {
          "cssClasses" : {
            "type" : "constant",
            "value" : ""
          },
          "hidden" : {
            "type" : "constant",
            "value" : false
          },
          "text" : {
            "type" : "interpolation",
            "value" : "<pre class=\"stack\">{{$item.stackTrace}}</pre>"
          },
          "alignment" : {
            "type" : "constant",
            "value" : "left"
          }
        },
        "reference" : "81cde662-3624-4631-9df0-b7ab8ab55694",
        "id" : "pbText"
      } ], [ {
        "type" : "component",
        "dimension" : {
          "xs" : 12,
          "sm" : 12,
          "md" : 12,
          "lg" : 12
        },
        "propertyValues" : {
          "cssClasses" : {
            "type" : "constant",
            "value" : ""
          },
          "hidden" : {
            "type" : "constant",
            "value" : false
          },
          "disabled" : {
            "type" : "constant",
            "value" : false
          },
          "label" : {
            "type" : "interpolation",
            "value" : "Close"
          },
          "alignment" : {
            "type" : "constant",
            "value" : "center"
          },
          "buttonStyle" : {
            "type" : "constant",
            "value" : "warning"
          },
          "action" : {
            "type" : "constant",
            "value" : "Remove from collection"
          },
          "url" : {
            "type" : "interpolation"
          },
          "dataToSend" : {
            "type" : "constant"
          },
          "dataFromSuccess" : {
            "type" : "variable"
          },
          "dataFromError" : {
            "type" : "variable"
          },
          "targetUrlOnSuccess" : {
            "type" : "interpolation"
          },
          "collectionToModify" : {
            "type" : "variable",
            "value" : "temp.modalConnector"
          },
          "collectionPosition" : {
            "type" : "constant",
            "value" : "Item"
          },
          "valueToAdd" : {
            "type" : "constant"
          },
          "removeItem" : {
            "type" : "variable",
            "value" : "$item"
          }
        },
        "reference" : "ce163cc9-fe0f-4c54-af34-4a6a9bf09c57",
        "id" : "pbButton"
      } ] ]
    } ] ]
  } ] ],
  "assets" : [ {
    "id" : "98309933-fd5b-4747-bdf2-052ccc0ac8e9",
    "name" : "style.css",
    "type" : "css",
    "order" : 0,
    "external" : false
  }, {
    "id" : "468fadcc-24c4-4423-aeab-9d390494275c",
    "name" : "localization.json",
    "type" : "json",
    "order" : 0,
    "external" : false
  } ],
  "inactiveAssets" : [ ],
  "data" : {
    "processes" : {
      "type" : "url",
      "value" : "../API/bpm/process?c=100&n=failedCases&p=0",
      "exposed" : false
    },
    "temp" : {
      "type" : "json",
      "value" : "{   \n    \"modalConnector\":[],\n    \"filter\":{\"status\":\"all\",\"failedCases\":\"all\"},\n    \"flowNodesStats\":[{\"batchSize\":null,\"flowNodeIds\":[21121,21124,21118,21112,40022,21108,21123,21141,40021,21142,21110,21109,21146,21126,21104,21144,40026,40023,21148,21158,40027,21111,21106,21139,21107],\"interval\":null,\"name\":\"1\",\"type\":\"AUTOMATIC_TASK\"},{\"batchSize\":null,\"flowNodeIds\":[21150,40024,40025,21155],\"interval\":null,\"name\":\"2\",\"type\":\"AUTOMATIC_TASK\"},{\"batchSize\":null,\"flowNodeIds\":[21152,21156,40031,40030],\"interval\":null,\"name\":\"4\",\"type\":\"GATEWAY\"}]}",
      "exposed" : false
    },
    "flowNodesStats" : {
      "type" : "url",
      "value" : "/RESTBulkReplayDataAccesor/rest/flowNodesStats?processDefinitionId={{temp.processSelected.id}}",
      "exposed" : false
    },
    "exp_checkFlowNodesStats" : {
      "type" : "expression",
      "value" : "if($data.temp.processSelected){\n    if(!$data.flowNodesStats){\n        $data.temp.flonNodesStatsLoading = true;\n    }else{\n        $data.temp.flonNodesStatsLoading = false;\n    }\n}\n\nif($data.temp.flowNodeSelected){\n    if(!$data.temp.deepFlowNodeStats){\n        $data.temp.deepFlowNodesStatsLoading = true;\n\n    }else{\n        $data.temp.deepFlowNodesStatsLoading = false;\n    }\n}",
      "exposed" : false
    },
    "cn_actions" : {
      "type" : "expression",
      "value" : "return [\r\n    {\r\n    \t\"name\": \"See stacktrace\",\r\n    \t\"glyphicon\": \"search\",\r\n    \t\"handler\":function(row){\r\n    \t    if(row.connectorId ==\"no-connector\"){\r\n    \t        alert(\"There is no stacktrace associated\");\r\n    \t    }else{\r\n    \t        $data.temp.modalConnector.push(row);\r\n    \t    }\r\n    \t}\r\n    }\r\n\r\n];",
      "exposed" : false
    },
    "exp_cleanVariables" : {
      "type" : "expression",
      "value" : "if($data.temp.processSelected !== $data.temp.processSelectedCopy){\n    \n    $data.temp.processSelectedCopy = $data.temp.processSelected;\n    $data.temp.processSelectedChange=true;\n    $data.temp.flowNodeSelected=undefined;\n    $data.temp.flowNodeSelectedCopy = $data.temp.flowNodeSelected;\n    $data.temp.flowNodeSelectedChange=false;\n}\nif($data.temp.flowNodeSelected !== $data.temp.flowNodeSelectedCopy){\n    \n    $data.temp.flowNodeSelectedCopy = $data.temp.flowNodeSelected;\n    $data.temp.flowNodeSelectedChange=true;\n    $data.temp.deepFlowNodeStats = undefined;\n}\n\n",
      "exposed" : false
    },
    "exp_filters" : {
      "type" : "expression",
      "value" : "var filter ={};\nif($data.temp.filter){\n    if($data.temp.filter.name){\n        filter.name = $data.temp.filter.name;\n    }\n    if($data.temp.filter.status){\n        if( $data.temp.filter.status !==\"all\"){\n            filter.activationState = \"ENABLED\";\n        }\n    }\n    if($data.temp.filter.failedCases){\n        if( $data.temp.filter.failedCases !==\"all\"){\n            filter.failedCasesStatus = 1;\n        }\n    }\n}\nreturn filter;",
      "exposed" : false
    },
    "exp_prepareProcesses" : {
      "type" : "expression",
      "value" : "if($data.processes){\n    $data.processes.forEach(function(item){\n        item.failedCasesStatus = item.failedCases === \"0\"?0:1;\n    })\n}",
      "exposed" : false
    },
    "exp_updateStatus" : {
      "type" : "expression",
      "value" : "\nfunction arraysContainSame(a, b) {\n  a = Array.isArray(a) ? a : [];\n  b = Array.isArray(b) ? b : [];\n  return a.length === b.length && a.every(el => b.includes(el));\n}\n\nif($data.temp.f_deleted){\n    console.log(\"Deleted \",$data.temp.f_deleted);\n    var f = $data.temp.f_deleted;\n    $data.flowNodesStats.forEach(function(i){\n        var array1 = f.flowNodeIds;\n        var array2 = i.flowNodeIds;\n       var is_same= arraysContainSame(array1,array2)\n        console.log(is_same);\n        if(is_same)\n            i.status = \"Deleted\";\n    });\n    $data.temp.f_deleted=undefined\n}\nif($data.temp.f_retried){\n    console.log(\"Retried \",$data.temp.f_retried);\n    var f = $data.temp.f_retried;\n    $data.flowNodesStats.forEach(function(i){\n        var array1 = f.flowNodeIds;\n        var array2 = i.flowNodeIds;\n       var is_same= arraysContainSame(array1,array2)\n        console.log(is_same);\n        if(is_same)\n            i.status = \"Retried\";\n    });\n    $data.temp.f_retried = undefined;\n}\n\nif($data.temp.c_deleted){\n    console.log(\"Deleted \",$data.temp.c_deleted);\n    var f = $data.temp.c_deleted;\n    $data.temp.deepFlowNodeStats.forEach(function(i){\n        var array1 = f.flowNodeIds;\n        var array2 = i.flowNodeIds;\n       var is_same= arraysContainSame(array1,array2)\n        console.log(is_same);\n        if(is_same)\n            i.status = \"Deleted\";\n    });\n    $data.temp.c_deleted=undefined;\n}\nif($data.temp.c_retried){\n    console.log(\"Retried \",$data.temp.c_retried);\n    var f = $data.temp.c_retried;\n    $data.temp.deepFlowNodeStats.forEach(function(i){\n        var array1 = f.flowNodeIds;\n        var array2 = i.flowNodeIds;\n       var is_same= arraysContainSame(array1,array2)\n        console.log(is_same);\n        if(is_same)\n            i.status = \"Retried\";\n    });\n    $data.temp.c_retried = undefined;\n}\n",
      "exposed" : false
    }
  }
}